{"iterations": [5000, 5500, 6000, 6500], "means": [11.931087418442319, 11.939382597748246, 11.896415639153888, 11.91828318179143], "stds": [25.27813111396508, 25.265166114103977, 25.169668897611345, 25.180357709417308], "fpss": [15.492104730335743, 14.459028866326697, 13.573113135139334, 12.697331736776656]}