scene_id,im_id,obj_id,score,R,t,time
2,3,1,1,0.9999999999921815 -2.086120395677904e-06 -3.3594835605055273e-06 2.0861145116068958e-06 0.9999999999962905 -1.751532990493243e-06 3.359487214471546e-06 1.7515259821132556e-06 0.9999999999928234,-0.0037655665801423766 0.0024822259105974354 -0.006128654681106127,5
2,79,1,1,0.9999998935834858 -0.0002860719660510713 0.00036193348438576245 0.0002861704980961499 0.9999999220025805 -0.0002722155005401572 -0.00036185558293247433 0.000272319046257366 0.9999998974514318,-0.3254813722986931 0.27335142849861427 -0.06512311173446506,5
2,89,1,1,0.9999997079435798 0.0002477605899801616 -0.0007229989248871832 -0.00024739967143333486 0.9999998447747716 0.0004992432631718974 0.0007231225054649924 -0.000499064247668126 0.999999614014285,0.6102942827454569 -0.48639276888582117 0.1967478381627643,5
2,96,1,1,0.9999999777529446 -6.621260193088313e-05 0.00020027481583118067 6.62415105815578e-05 0.9999999873887643 -0.00014434172326172057 -0.00020026525606420265 0.0001443549865568633 0.9999999695277321,-0.14148007901394521 0.11693986639193099 0.010485083175012733,5
2,97,1,1,0.9999998587484852 0.0005289658475114076 -5.194364108045829e-05 -0.000528984493665792 0.9999997954266622 -0.00035961373628079496 5.175340706929654e-05 0.0003596411628654095 0.999999933989907,0.04919606361761453 0.45657605283582114 -0.02471552733209137,5
2,102,1,1,0.9999999130626983 -0.0001456507913639299 0.00039071785459249275 0.00014558001584541458 0.9999999729929238 0.00018116459310409117 -0.00039074423080665 -0.0001811076966424935 0.9999999072594694,-0.3318886450979903 -0.1724043100864776 0.05653422680552467,5
2,107,1,1,0.9999999569444431 -0.0002879123355312152 -5.672388331676159e-05 0.00028792067240862584 0.9999999477434529 0.00014701965297076597 5.6681551580863715e-05 -0.00014703597861943918 0.999999987583811,0.10163011152327517 -0.15491829780179955 0.010666390830465389,5
2,110,1,1,0.9999995882168277 -0.0007512991160816274 0.00050903419682366 0.0007512792641617971 0.999999717021794 3.918927828783225e-05 -0.0005090634956479434 -3.8806835313431876e-05 0.9999998696741851,-0.4178612037758569 -0.09784905264025667 0.044153727571824675,5
2,115,1,1,0.9999998186646397 0.0003227159849745753 -0.0005084536168474263 -0.0003228496654225643 0.9999999133375143 -0.0002628555824659984 0.0005083687450852525 0.0002630196888810665 0.9999998361909177,0.5161625657802063 0.19466790584925064 0.11954392175448447,5
2,119,1,1,0.9999999782874709 9.617210186010916e-05 -0.00018486748164191213 -9.620726489495413e-05 0.9999999772826866 -0.0001902072249690412 0.00018484918481363397 0.00019022500643406381 0.9999999648226123,0.1778712198551773 0.16397601643173232 -0.04116045988860151,5
2,124,1,1,0.9999999177213836 0.0004013599367020393 5.888486626404177e-05 -0.00040138413090928804 0.9999998348046732 0.00041143821626316024 -5.871972172000195e-05 -0.00041146181786141933 0.9999999136255798,-0.13893969324284683 -0.3807851794288126 0.05009232655334017,5
2,126,1,1,0.9999999992585542 -2.033136792466833e-05 -3.270361759127264e-05 2.032852137695551e-05 0.999999996005505 -8.70387367485452e-05 3.270538707712757e-05 8.703807186779405e-05 0.9999999956773662,0.03170727610060453 0.05097899523539695 0.007101565707444024,5
2,136,1,1,0.9999998888570683 -0.00028435902454804207 0.0003760662131725434 0.00028411376669701394 0.9999997470489385 0.0006520593740202973 -0.00037625153701373315 -0.0006519524559601697 0.999999716696348,-0.30845662423533327 -0.5627372827363786 0.021977393010615742,5
2,153,1,1,0.9999996772645214 0.0004982630185972337 -0.0006302418714849156 -0.000498294319657866 0.9999998746258025 -4.9509107991729806e-05 0.0006302171239111476 4.982313795809379e-05 0.9999998001719961,0.6116149998675979 0.10311223405881087 -0.052861700044672943,5
2,156,1,1,0.9999998575619741 0.00045715459780416856 -0.00027547360184251857 -0.0004573024937042369 0.9999997512231138 -0.0005370550626001003 0.00027522801611989944 0.0005371809608680778 0.9999998178430606,0.2639872508225096 0.41180510724475994 0.015196097459238445,5
2,162,1,1,0.9999999803948079 0.00011664741224204356 0.00016001176396224226 -0.00011663493792435364 0.9999999901588071 -7.796586949727902e-05 -0.0001600208569046413 7.794720500654828e-05 0.9999999841587784,-0.2195708333732398 0.06094245483649274 0.015000265561297965,5
2,166,1,1,0.9999999361459573 0.00015298410452688205 0.00032296121188801763 -0.00015297637564057331 0.9999999880121723 -2.3955881346356123e-05 -0.00032296487288541176 2.390647437999771e-05 0.9999999475610838,-0.3019769012041138 0.034045716285120875 0.03025617263949698,5
2,175,1,1,0.9999999858895539 4.152044484520556e-05 -0.0001627788215822351 -4.149562315272637e-05 0.9999999875128157 0.0001524876449691126 0.0001627851509047873 -0.00015248088820829508 0.9999999751252866,0.14137980641109493 -0.14050566636947792 0.004879505872395384,5
2,176,1,1,0.9999998413577251 -0.00028197199010374097 0.00048762313281619507 0.0002819063357669682 0.9999999511916827 0.00013470504496509994 -0.0004876610920657165 -0.00013456755954421862 0.9999998720391072,-0.3949162282626446 -0.13635865864713992 0.061154325475740734,5
2,178,1,1,0.9999999795551384 -6.24550415580516e-05 -0.00019232548115560855 6.244315223907781e-05 0.9999999961393157 -6.182412232992596e-05 0.00019232934164117865 6.181211165663669e-05 0.9999999795943432,0.21519236517126217 0.028421851223782824 -0.026514297004951004,5
2,203,1,1,0.9999999657121277 -0.0001560186528654084 0.00021031862416490132 0.0001559921086614069 0.9999999798674898 0.00012621997392237017 -0.0002103383126007552 -0.00012618716154927379 0.9999999699172968,-0.1465340436232765 -0.12036836122848626 0.04941893561840516,5
2,207,1,1,0.9999998871354425 0.0003933168036401036 -0.0002665164051765534 -0.0003932983975769577 0.9999999202700481 6.911054371199973e-05 0.0002665435662651261 -6.900571543690462e-05 0.9999999620963678,0.19094420352284658 -0.05920530105238697 0.01775174111958222,5
2,217,1,1,0.9999999821814503 -0.0001325896358674028 0.00013437666195620368 0.00013258435496171783 0.9999999904381581 3.9307420706957696e-05 -0.00013438187242792443 -3.928960376317625e-05 0.9999999901989198,-0.06468111640538154 -0.03331502605055903 0.008111925496109507,5
2,219,1,1,0.9999999959169309 -8.489314332147963e-05 3.0972446074993554e-05 8.490175682265844e-05 0.999999957696327 -0.0002782068230459678 -3.094882691306172e-05 0.00027820945152493004 0.9999999608208352,-0.032921191588691556 0.18361359352245188 -0.042397666568376735,5
2,221,1,1,0.9999996706569532 -0.00016119032771277214 0.0007954267180049213 0.00016135326554446439 0.9999999660144452 -0.00020478337679968352 -0.0007953936818727025 0.0002049116540542035 0.9999996626799954,-0.6040292644878207 0.1887333269733915 -0.18193733351210994,5
2,224,1,1,0.9999999028548774 0.0001890657303324078 -0.0003981763244454428 -0.00018902500058191885 0.9999999768994808 0.00010232588805475507 0.0003981956615661253 -0.00010225061283451742 0.9999999154925102,0.2837293285633251 -0.06999761419214678 0.0012860104053515897,5
2,243,1,1,0.9999999853965968 9.364409514250882e-05 -0.00014296009928005393 -9.364304536430001e-05 0.9999999955884803 7.349831020117548e-06 0.00014296078691777847 -7.336443693758965e-06 0.9999999897541955,0.13389263375779592 0.018499057647801465 -0.0048799735083093765,5
2,248,1,1,0.9999999967829014 -4.9653124629733814e-05 6.29981388118872e-05 4.9651293347899306e-05 0.999999998344841 2.9070058436241053e-05 -6.299958212646617e-05 -2.9066930403116864e-05 0.9999999975930837,-0.05621474654429903 -0.03494571487857456 0.02310487358897717,5
2,249,1,1,0.9999999457285009 -0.0002303653165682401 0.0002355309242497161 0.0002303546238406895 0.9999999724366796 4.5424521663011905e-05 -0.0002355413819919161 -4.5370263560419455e-05 0.9999999712308976,-0.19196874291210975 -0.06753121058498834 0.04330584689637362,5
2,254,1,1,0.9999999928869533 5.5562995195851395e-05 0.0001055407369578154 -5.5560037508811666e-05 0.9999999980637895 -2.80268514887827e-05 -0.00010554229400960846 2.8020987442312073e-05 0.9999999940378249,-0.10127239750494255 0.03806829469564832 0.023045391539199045,5
2,263,1,1,0.9999996919106409 0.0006768857899664971 -0.0003974974855581459 -0.0006771030728077165 0.9999996212994853 -0.0005467470307384814 0.00039712724972984503 0.0005470160090604859 0.9999997715316911,0.31488514343152474 0.5276188003907762 -0.11513723198333992,5
2,266,1,1,0.9999999952881419 6.31387334450173e-05 7.37374875850183e-05 -6.3134493857947e-05 0.999999996354089 -5.7496593661741924e-05 -7.374111757826873e-05 5.7491938011640376e-05 0.9999999956284628,-0.10162100237721461 0.03991780811965384 -0.02647533984270467,5
2,268,1,1,0.9999999848607213 -8.264967732467265e-05 0.00015312605420061964 8.26591893360179e-05 0.9999999946546829 -6.211354100608621e-05 -0.0001531209197176142 6.212619734116687e-05 0.9999999863471593,-0.12010342116735728 0.027063829824044205 -0.01210297382851877,5
2,277,1,1,0.9999999151432735 0.00011290125816720842 0.0003961902970427422 -0.00011298480867621974 0.9999999713844013 0.0002108687488962535 -0.0003961664783587171 -0.00021091349448762453 0.9999998992838043,-0.2773987886467779 -0.14237634075436745 0.052116959764816784,5
2,283,1,1,0.9999999988390538 5.826452547652572e-06 4.7832467996195005e-05 -5.828613564629048e-06 0.9999999989624493 4.517886393465287e-05 -4.7832204714021165e-05 -4.5179142679263595e-05 0.9999999978354632,-0.06450566197193552 -0.02231070178373784 0.006961579679455099,5
2,307,1,1,0.9999998859654118 -0.00046764617631828154 9.683086660911e-05 0.00046760216057761816 0.9999997875761804 0.00045408789277065487 -9.704319850711851e-05 -0.0004540425626665956 0.9999998922139789,-0.05751533306630563 -0.3438727074572725 -0.007945902596929955,5
2,310,1,1,0.9999999572214131 0.00021371749683532504 -0.00019970479205260426 -0.0002136901033424482 0.9999999677589282 0.00013718120368182211 0.00019973410363734265 -0.00013713852287619246 0.9999999706496564,0.12866510022641364 -0.11733764512855949 -0.017603676071303198,5
2,322,1,1,0.9999998674164869 0.0001555693415124515 -0.0004908820531183689 -0.00015564952814317579 0.9999999745502014 -0.00016331816015982548 0.0004908566333265973 0.00016339454406635867 0.9999998661809859,0.3732892137226713 0.11663849058223263 -0.025797623969651795,5
2,326,1,1,0.9999993740600761 0.0004342872356558891 -0.001031151809729125 -0.00043437690809228213 0.9999999018963451 -8.674100841962046e-05 0.0010311140380562245 8.718886265984133e-05 0.9999994646008287,0.6767684120775215 0.10138095281658366 -0.09058422862960924,5
2,338,1,1,0.9999999285519392 -0.0001229873852096608 0.00035744960266642645 0.00012300725428232573 0.9999999908909167 -5.556420847591115e-05 -0.0003574427657138668 5.560817340022339e-05 0.9999999345711972,-0.24460390610468608 0.04835365223431154 -0.07515526097040492,5
2,342,1,1,0.9999996089768842 0.0008839344616866085 2.656964595689447e-05 -0.0008839340491372527 0.9999996092095561 -1.5534824638424594e-05 -2.65833673405505e-05 1.5511332749212903e-05 0.9999999995263612,0.05563569172272764 -0.15778364151351099 0.009757162267760577,5
2,365,1,1,0.9999993045205477 -0.00028558388738988104 0.0011442902880715797 0.00028579012133277603 0.999999942949537 -0.00018006923302499311 -0.0011442387979177463 0.00018039613465048454 0.9999993290871793,-0.8064652495255729 0.06829663559578592 0.1506795861585033,5
2,368,1,1,0.9999998994661807 0.0004251366979717841 -0.00014257074569701267 -0.00042511309393977736 0.9999998959360905 0.0001655495925822481 0.00014264111206768737 -0.00016548896724860596 0.9999999761334579,0.1505156759355657 -0.030709158100037826 -0.06093895704543684,5
2,387,1,1,0.9999998851552813 0.00035914387535798675 -0.00031734067292282786 -0.0003590299421113996 0.9999998711049782 0.00035900909339436904 0.00031746956793576864 -0.0003588951173610355 0.999999885203678,0.23990395345441584 -0.35568526882420315 0.11306220770165964,5
2,402,1,1,0.9999997656913079 0.0006845522390586667 -2.3582137306243922e-06 -0.0006845531418321893 0.9999996829323063 -0.0004068442982124998 2.0797068074340785e-06 0.0004068458172078182 0.9999999172360744,-0.02817797146826706 0.5562965857440503 -0.029656206957156428,5
2,415,1,1,0.9999999930072432 -8.99033182845399e-05 -7.683038884963474e-05 8.987554110251664e-05 0.999999930632353 -0.0003614660100926259 7.68628805135705e-05 0.00036145910239238077 0.9999999317197051,0.08060621537066481 0.29980476334899997 -0.0013753867676769005,5
2,417,1,1,0.9999999913255448 -0.00012966557982896365 2.314621566991415e-05 0.00012966957849341876 0.9999999766562555 -0.00017283890774233424 -2.312380387249624e-05 0.00017284190760315232 0.9999999847954819,-0.01201690607723549 0.08708574202464092 0.011664581131640261,5
2,425,1,1,0.9999997669660838 -0.0006038048593135469 0.0003185709840402909 0.0006048455108932926 0.9999944486737703 -0.0032767031527418666 -0.00031659072626247925 0.003276895075388475 0.9999945808498055,-0.4460298536536129 3.2088088786097444 0.5741947861529297,5
2,428,1,1,0.9999999701883588 3.4499242658248e-05 0.00024172936063032724 -3.445976874799639e-05 0.9999999860727824 -0.0001633002145672302 -0.0002417349909978883 0.00016329187976099613 0.9999999574499772,-0.21616541528572952 0.16970644701470405 0.0036338779893867468,5
2,434,1,1,0.9999978447868119 -0.002074994095344229 6.943513103324639e-05 0.002074955366747344 0.9999976942257955 0.0005532660477713669 -7.058299471407459e-05 -0.0005531207805676425 0.9999998445377102,-0.13084774182124193 -1.2649555452970969 0.011197978934092134,5
2,435,1,1,0.9999996894613088 0.0007812141248132488 -0.00010383533930829851 -0.0007812571637595203 0.9999996086645278 -0.0004151000289763229 0.00010351101666792803 0.00041518102217497077 0.9999999084550897,0.18595116483334095 0.5724843642775035 0.03422312884595158,5
2,442,1,1,0.9999991943254118 -0.0008613805149472742 0.0009324012737894349 0.0008608948009524581 0.9999994936030688 0.0005212041305319159 -0.0009328497567066413 -0.0005204010112019319 0.9999994294868961,-0.8153905316498538 -0.672578313299141 0.28544724882488026,5
2,446,1,1,0.9999998977434612 0.00039353921709256445 -0.00022280025109794321 -0.0003936321645556795 0.9999998354620347 -0.00041728841614380174 0.00022263599508215437 0.00041737607481832917 0.9999998881152066,0.19584041761294202 0.40300994200887175 0.06302349753707404,5
2,453,1,1,0.9999999968950116 7.26422426040596e-05 3.054640390842689e-05 -7.263989696099094e-05 0.9999999944138626 -7.67836006390632e-05 -3.055198147028371e-05 7.678138151301361e-05 0.9999999965855983,0.017050330715392192 0.11368061260581896 -0.07911424699796044,5
2,473,1,1,0.9999997800863959 -0.0001329266878009605 0.000649736606428683 0.0001330647164891896 0.9999999685901597 -0.00021239930039219923 -0.0006497083524850678 0.00021248571070037713 0.9999997663644129,-0.7302620091085714 0.22564292981655498 -0.005194192011458654,5
2,474,1,1,0.9999999688119734 0.0001802295475064053 -0.00017289697137073956 -0.0001802438159962949 0.999999980351809 -8.251393643207705e-05 0.00017288209652391306 8.254509746882799e-05 0.999999981649044,0.16423248581077132 0.08004958728177769 -0.01922916988689849,5
2,476,1,1,0.9999999761548628 6.0743418059977516e-05 0.0002097629860781658 -6.077370649124059e-05 0.999999987729007 0.00014439023951798302 -0.0002097542127478258 -0.00014440298414897246 0.9999999675754737,-0.2145458595183527 -0.1309077287853313 0.04694728442655105,5
2,477,1,1,0.9999992227079265 5.360174961360764e-05 -0.0012456766812589115 -5.3981216101423035e-05 0.9999999521539061 -0.0003045951642425826 0.0012456602948243134 0.00030466217062530276 0.9999991777553576,1.367621294733027 0.3106192479823733 -0.22943984907556114,5
2,480,1,1,0.9999972998363634 -0.0015296185859016292 0.0017494533330967288 0.0015285027731419543 0.9999986277000387 0.0006389658134991101 -0.0017504283063060622 -0.0006362900439161011 0.9999982655663587,-2.269774951995572 -0.874003341187688 -0.030780562794689104,5
2,491,1,1,0.9999999737454105 -0.00014453183880495934 -0.00017781936121069597 0.00014450273396059143 0.9999999761641656 -0.00016367842757833428 0.0001778430137166498 0.00016365272789703456 0.9999999707948226,0.27048666003696553 0.16564749805026224 0.0254120128820432,5
2,501,1,1,0.9999999379797222 -6.438821190690724e-05 0.00034625815595183684 6.429935880403193e-05 0.9999999650073141 0.0002566144250604925 -0.00034627466677931984 -0.00025659214496787444 0.9999999071271589,-0.32182322205198943 -0.2382595793932083 0.07418879770330022,5
2,521,1,1,0.9999995164905298 -0.0009112364826296682 -0.00036968470195761563 0.0009112384127958895 0.9999995848094264 5.052712905573298e-06 0.0003696799442515636 -5.389581363757223e-06 0.9999999316538432,0.1919389392433004 -0.19706855879996965 -0.10082402903617549,5
2,527,1,1,0.9999999771786965 0.00018152347802324886 -0.00011265803700605259 -0.0001815660483477921 0.9999999120835993 -0.0003779769345252926 0.0001125894154141438 0.00037799738077382017 0.9999999222207991,0.1372635933601316 0.42691289210331096 -0.024945875288040043,5
2,529,1,1,0.9999999980229495 -5.247352402726335e-05 3.46501261622445e-05 5.248191387480228e-05 0.9999999692987325 -0.00024217387124403356 -3.4637417382077373e-05 0.00024217568927001332 0.9999999700755924,-0.053649671362592244 0.22585483557227093 0.003492718935603989,5
2,532,1,1,0.9999999369005836 0.0002780989910027287 0.00022104248275461869 -0.0002781138978380504 0.9999999590542135 6.741090348574841e-05 -0.0002210237267998294 -6.747237421844687e-05 0.9999999732979947,-0.15346475004452031 -0.014078819628224437 0.00963507211997694,5
2,535,1,1,0.9999995336287675 -0.0008706167684419674 0.00041805345455567244 0.0008705893344961857 0.9999996188721765 6.580054989676482e-05 -0.0004181105822858022 -6.543656633050537e-05 0.9999999104507943,-0.5441736865627718 -0.21184777124662446 0.04507310213625715,5
2,540,1,1,0.9999999858167308 0.00013937135222397146 9.456301758262176e-05 -0.00013937681078290964 0.9999999886212587 5.771990073127897e-05 -9.455497200591689e-05 -5.77330798045006e-05 0.9999999938631242,-0.09433283554943728 -0.0859764563225438 0.009402480502330945,5
2,549,1,1,0.9999999155096936 0.0004094005139784196 3.703816954506167e-05 -0.0004094098064031382 0.9999998846337791 0.00025122905920779703 -3.693531196594102e-05 -0.00025124420177113915 0.9999999677560667,-0.02899972449387178 -0.08398118842639946 0.006627563667848335,5
2,560,1,1,0.9999999908175913 -2.9168529486200967e-06 -0.00013548546046059096 2.9270852028862038e-06 0.9999999971438731 7.552275993417262e-05 0.00013548523978476612 -7.552315581803651e-05 0.9999999879700019,0.07674672722288278 -0.08324640212016732 -0.015006296602223301,5
2,563,1,1,0.9999997194430439 0.00019752958968377587 -0.0007225620358889129 -0.0001982516480117935 0.9999994809800122 -0.0009993677956264546 0.0007223642561537125 0.000999510764361805 0.9999992395837677,0.6327091263086402 0.8559469783413718 0.05190677561540724,5
2,571,1,1,0.9999999550610956 -2.5186935205867567e-05 -0.00029873637958166555 2.5223117263051265e-05 0.9999999923476133 0.00012111386115615241 0.00029873332680840914 -0.00012112139077602446 0.9999999480440025,0.24572236843644646 -0.13791707913134132 -0.02777669831368712,5
2,575,1,1,0.9999997393957679 -0.0006797052765940993 -0.0002433292723327679 0.0006798131841041395 0.9999996705119849 0.0004436552230711444 0.00024302763736250288 -0.00044382052590034664 0.9999998719804459,0.24545536403610413 -0.4496998792890281 0.08071436432226164,5
2,589,1,1,0.9999999999035921 6.04356902678127e-06 -1.2501638884582222e-05 -6.043460541449441e-06 0.9999999999440872 8.677700404274846e-06 1.2501691328214992e-05 -8.677624850100818e-06 0.9999999998842034,0.0002459135070580487 -0.03265398342774084 0.004468781583796044,5
2,603,1,1,0.9999992960549193 -0.0005085069828091593 0.0010720589144677106 0.0005082251782674574 0.9999998362377763 0.0002631189637253839 -0.0010721925367355167 -0.00026257393117196104 0.9999993907288626,-0.8852857083311818 -0.28991125839077725 0.07781404154104621,5
2,607,1,1,0.9999999784496457 -0.00018734031158483544 8.946684620522727e-05 0.00018733743991693197 0.9999999819369804 3.2104861987014566e-05 -8.947285912397351e-05 -3.2088100805571784e-05 0.9999999954824803,-0.047241894635632775 -0.02973878820903586 -0.006347608454120746,5
2,615,1,1,0.9999999537044107 0.00014718284095721623 -0.00026632384038832724 -0.00014726940297005164 0.9999999363319887 -0.00032503498670097275 0.00026627598385942086 0.0003250741930061196 0.9999999117119309,0.22527991856401286 0.2582903023904919 0.03196415577974676,5
2,625,1,1,0.9999997287033334 0.00048510390020589655 -0.0005543171160090447 -0.0004849554757136443 0.999999846533514 0.00026786402171046116 0.0005544469728216289 -0.00026759512991914557 0.9999998104906823,0.5210291092189863 -0.2667189055736756 0.014943410261821555,5
2,642,1,1,0.9999999996561533 -2.5981102181715787e-05 3.560386125825432e-06 2.5980259155844454e-05 0.9999999716786048 0.00023657518123719468 -3.566532508519904e-06 -0.00023657508865640442 0.9999999720097537,-0.04597836894672014 -0.23028587819726454 -0.041706902643568355,5
2,648,1,1,0.9999999410118712 0.0003434540547901932 -3.945563188369194e-06 -0.00034345163171189963 0.9999997618979379 0.0005985357505055508 4.151131779379924e-06 -0.0005985343600889148 0.9999998208696779,-0.00026583202009078377 -0.4801616328387013 -0.10617411697467105,5
2,649,1,1,0.9999999734315055 -8.124636775819205e-05 -0.0002157220816766947 8.122710562336044e-05 0.9999999927139505 -8.929869579349381e-05 0.0002157293352993972 8.928117094059163e-05 0.9999999727448629,0.163600799112686 0.0552743505727733 -0.0299169102745509,5
2,652,1,1,0.9999999838499437 -0.00017870607154135687 1.908540054244845e-05 0.0001787026559560423 0.9999999680452306 0.0001788152639170537 -1.9117355306033645e-05 -0.00017881185041712655 0.999999983830425,-0.03566248842517439 -0.20348337693334173 -0.015794151707382298,5
2,667,1,1,0.9999998477572625 -2.5248649804243684e-06 0.0005517962279774635 2.5324665269277347e-06 0.9999999999019138 -1.377530414220507e-05 -0.0005517961931422732 1.3776699450435137e-05 0.9999998476655706,-0.3506070454420751 -0.02424421920418851 0.06253775148400109,5
2,669,1,1,0.9999999547317167 -0.0001982057176048435 -0.00022638696668603187 0.00019825731844005934 0.9999999543704476 0.00022793231103218625 0.00022634177886871054 -0.00022797718358680275 0.9999999483979,0.1379156948791973 -0.18401653683046604 -0.011878585367867345,5
2,679,1,1,0.9192389641995521 0.09860974132282373 -0.38115068622997444 -0.06550681486803114 0.9929385811538982 0.09890314080922688 0.3882120347222381 -0.06594765327386623 0.9192074429227007,289.84841790706196 -88.94062385065703 -52.29929646837295,5
2,691,1,1,0.999999897093856 0.00045165620564993625 -4.2649147381702834e-05 -0.0004516542525157541 0.9999998969556713 4.5793922331560655e-05 4.266982609608949e-05 -4.5774654950037075e-05 0.9999999980419836,0.04332081764925988 0.03809324503211542 -0.027165768781969746,5
2,695,1,1,0.9999999480312143 0.00032160254770840363 -2.2569206544365006e-05 -0.00032159648597496204 0.9999999123555121 0.00026807586193525884 2.2655418446648756e-05 -0.0002680685898255007 0.9999999638129808,0.018456690908607243 -0.18512872230181188 -0.03631102494921379,5
2,703,1,1,0.9999999264304651 8.757556037680692e-05 0.00037345627034815476 -8.774973104919148e-05 0.9999998873929076 0.00046638413073594315 -0.0003734153844428961 -0.0004664168671114216 0.999999821508112,-0.3761481891003484 -0.42216067536392643 0.13528087533438793,5
2,708,1,1,0.9999997763713644 0.0003491441224097967 -0.0005703995123081951 -0.0003492351189585616 0.9999999263069459 -0.00015943944028076057 0.000570343802930251 0.00015963860816757547 0.999999824611715,0.5198832701428842 0.20657734092304736 -0.11387866395887158,5
2,711,1,1,0.9999999010420659 0.00024486257391941046 0.00037142721716655613 -0.0002446239375411049 0.9999997637443039 -0.0006423943226057938 -0.00037158442774209294 0.0006423033990475002 0.9999997246856402,-0.37653667584854134 0.6009342226447529 -0.09085637347993725,5
2,727,1,1,0.9999999547028373 -1.6897120212799877e-05 0.00030051424236152147 1.6953630706861844e-05 0.999999982175934 -0.0001880444239862264 -0.000300511059595894 0.00018804951027583117 0.9999999371652405,-0.29377388518199155 0.1380229027542157 -0.030140771053766002,5
2,736,1,1,0.9999997318919158 0.0003154153910004398 -0.000660854921363363 -0.0003156694937249127 0.9999998762804565 -0.0003844370460006005 0.0006607335822414045 0.00038464555466825867 0.999999707739423,0.5350462690577729 0.33586713319135697 -0.005402150543091011,5
2,737,1,1,0.9999999431453532 0.00023356310613770193 -0.00024322328245834912 -0.0002335774880553032 0.9999999709741495 -5.91037850374565e-05 0.00024320947093514622 5.916059316060651e-05 0.9999999686745885,0.19235100915518366 0.05423464270248246 0.0526416993144494,5
2,739,1,1,0.9999989765652703 -6.001388260182261e-05 -0.0014294288179819356 5.988961019345873e-05 0.9999999944237568 -8.698115303633173e-05 0.0014294340300878075 8.689545608208879e-05 0.9999989745832405,1.3597655336014753 0.1007133168451162 0.07495363616942541,5
2,740,1,1,0.9999998515031858 2.6286518697793415e-05 0.0005443368662676473 -2.6502037286324498e-05 0.9999999212704065 0.00039592527297574454 -0.0005443264159151751 -0.0003959396402180848 0.999999773470251,-0.5581432809951465 -0.39076481789328454 0.06277052553343765,5
2,750,1,1,0.99999971180653 0.00023648198235475676 -0.0007214313063077515 -0.00023664421054280307 0.9999999467338503 -0.00022479282987327917 0.0007213781084260962 0.00022496348763158952 0.9999997145024863,0.6052678766826887 0.2356615802458819 -0.15401634738452685,5
2,754,1,1,0.9999999571349346 -0.00017201163095195704 0.00023694330126267094 0.00017197024001239236 0.9999999699537011 0.00017469640509934492 -0.0002369733439570032 -0.0001746556504150787 0.9999999566695187,-0.23579642756652675 -0.1886019722026262 0.022694367496455925,5
2,756,1,1,0.9999999893608762 0.00012504769865304133 -7.510872584226558e-05 -0.00012504160096965533 0.999999988886881 8.11839648199586e-05 7.511887687566832e-05 -8.117457224088298e-05 0.9999999938839217,0.049417269239796724 -0.0657218398281536 -0.04591731946970867,5
2,757,1,1,0.9999999985352019 4.2717332769393046e-05 3.3238923505367335e-05 -4.271651670262333e-05 0.9999999987862527 -2.455187197454231e-05 -3.323997225562758e-05 2.4550452087605118e-05 0.99999999914619,-0.08008646894447224 -0.008009893586184091 0.002140417922760207,5
2,758,1,1,0.9999997011673146 -0.0005210891626616365 0.0005710791250142788 0.0005210032493665195 0.9999998529408229 0.00015057870864663286 -0.0005711575059647866 -0.00015028112956894102 0.9999998255973279,-0.6109503759184065 -0.25150967701031135 0.08583529671238921,5
2,761,1,1,0.999999993763619 -7.912920357042164e-05 7.881200110723685e-05 7.91325017107658e-05 0.9999999959934818 -4.1845956440633714e-05 -7.880868955402465e-05 4.185219276997554e-05 0.9999999960187929,-0.07629869993792227 0.008601858898430237 0.02112467247945915,5
2,762,1,1,0.999999689308723 -0.00040914961823179663 0.0006737796732972645 0.00040879758758988194 0.9999997799253686 0.0005225263123895818 -0.0006739933164565393 -0.0005222507105403784 0.9999996364935368,-0.7019710927929736 -0.37765689926213497 -0.24938358833583152,5
2,764,1,1,0.9999999146500078 4.358804825531029e-05 -0.000410852843113263 -4.357658456972653e-05 0.9999999986610263 2.7911079567177443e-05 0.00041085405915253226 -2.7893173621329497e-05 0.9999999152104528,0.33642161264825177 -0.03524615873919856 0.06900793380964387,5
2,768,1,1,0.9999999994044799 2.942427753876986e-05 1.8034766051800225e-05 -2.9422915570453956e-05 0.9999999967159134 -7.55146681348795e-05 -1.8036987957072842e-05 7.55141374545118e-05 0.9999999969861411,-0.029638019717282305 0.05888220970118141 -0.006366384394141278,5
2,769,1,1,0.9999999459481367 -0.0002679669585616967 -0.00019051885268356328 0.000267953790692263 0.9999999617103507 -6.913800004477999e-05 0.00019053737208823973 6.90869460590049e-05 0.9999999794612521,0.21633931523987826 0.11405800902520014 0.029494609560174467,5
2,770,1,1,0.9999999892223673 0.00012618722210000488 7.504699438392118e-05 -0.0001261957183692486 0.9999999856280847 0.00011321868944758062 -7.503270655345035e-05 -0.00011322815883674231 0.9999999907747387,-0.07576215115417995 -0.10331943884946782 -0.005155497255486807,5
2,773,1,1,0.9999999529030055 0.00030675688595643846 9.705651041080898e-06 -0.00030675724601525456 0.9999999522611162 3.711815986650463e-05 -9.694264326495783e-06 -3.712113539711126e-05 0.9999999992640216,-0.05336475922911177 -0.1541567295726054 -0.009947501327246755,5
2,775,1,1,0.9999999894800187 7.481436430467614e-05 0.00012426895252319603 -7.484999646900636e-05 0.999999956084709 0.0002867543513560278 -0.0001242474937213911 -0.0002867636498701809 0.9999999511645831,-0.14994509544683865 -0.28376036293491325 0.028085991948728406,5
2,785,1,1,0.9999999089687657 -0.00035503990046487077 0.00023666247817610842 0.00035501253634351304 0.9999999302947671 0.00011565707427818595 -0.0002367035245555149 -0.00011557304560289028 0.9999999653071558,-0.11958022845266392 -0.07862592525023615 0.04154074458472223,5
2,788,1,1,0.99999916815059 -0.0010799542884297325 -0.0007052636838849602 0.0010800565286326752 0.9999994062838194 0.00014460257523635223 0.0007051071009876453 -0.00014536417959545855 0.9999997408465823,0.5280021640225812 0.1526091716363851 0.19180895529621012,5
2,791,1,1,0.9999999364787175 -0.00010306173352431225 -0.00034120498177281355 0.00010310150344500224 0.9999999878940526 0.00011654173080028613 0.0003411929666497504 -0.0001165769021440749 0.9999999349985913,0.27592670387207363 -0.06896864918145695 0.07471752376977747,5
2,794,1,1,0.9999999984345095 5.57011697896459e-05 5.325532442021497e-06 -5.570061572438001e-05 0.9999999930424879 -0.00010398300504688152 -5.3313243802213806e-06 0.00010398270824851785 0.9999999945795864,-0.012735077314545151 0.10110978283484684 -0.008059528691433115,5
2,808,1,1,0.999999799412489 0.000134153906335005 0.0006190134980221113 -0.00013414596358524156 0.9999999909195756 -1.2872804308665386e-05 -0.000619015219338187 1.2789763564374085e-05 0.9999998083282715,-0.6144127158766821 -0.033232957846770717 -0.09040348508438001,5
2,809,1,1,0.9999997458037971 -0.0006745674814668812 0.00023097847056305354 0.000674452618965482 0.9999996490503233 0.000497003917923261 -0.00023131365218281852 -0.0004968480075521753 0.999999849818015,-0.2082908572638189 -0.08828416076787349 -0.14617483775214168,5
2,819,1,1,0.9999999708678505 -0.00019660548085495555 0.0001400377905874696 0.00019656915079981074 0.9999999470369086 0.00025939689697729307 -0.00014008878202250406 -0.00025936936231174545 0.9999999565513328,-0.06535795903312192 -0.15810194963114554 0.028474134869043155,5
2,821,1,1,0.9999998765788245 -0.0004268470432507998 0.00025425172161856746 0.00042667742147833865 0.9999996866472509 0.0006668221492077825 -0.0002545362730105166 -0.0006667135834389909 0.99999974535211,-0.18281601690046045 -0.4682755845875022 0.027615808372047468,5
2,828,1,1,0.9999994011650201 -0.0009178408058084786 0.000596018335761006 0.0009172640990662839 0.9999991116208833 0.0009671525300393724 -0.000596905498328304 -0.0009666052446524742 0.9999993546888557,-0.5592700644122033 -0.5845909798552782 -0.16710460833326124,5
2,837,1,1,0.9999993940905122 -0.0005032409032228354 0.0009790644524141356 0.0005027996190651307 0.9999997719344503 0.00045091417209576663 -0.0009792911475784427 -0.0004504216256491847 0.999999419054435,-0.6262046230081069 -0.2204478580298428 -0.11224446052142412,5
2,840,1,1,0.9999997236762972 0.00029735762468463545 -0.0006813411587991008 -0.0002978164835009678 0.9999997288773357 -0.0006734616537288074 0.0006811407151143672 0.0006736643822633781 0.9999995411117084,0.5177481387178204 0.4149273745597526 0.1581284761440429,5
2,844,1,1,0.9999998993874736 -4.400417932681755e-05 -0.0004464176013228155 4.396161082850791e-05 0.9999999944864333 -9.536514390061542e-05 0.0004464217953263627 9.534550906883064e-05 0.9999998958084018,0.380391367295676 0.07939191133594647 0.016278924487778568,5
2,850,1,1,0.9999998279999949 8.387624894673484e-05 -0.0005804866537976738 -8.406494668133924e-05 0.9999999436373322 -0.0003250514056816478 0.0005804593569878613 0.0003251001483521865 0.9999997786883901,0.5566382505960803 0.2899512944315603 0.13758160833435795,5
2,856,1,1,0.9999996990302689 0.00032153304556226114 -0.0007060848907284867 -0.00032174893464159693 0.999999901523924 -0.0003056628299072106 0.000705986540495307 0.0003058899199733789 0.9999997040071376,0.7070525291821355 0.2680898949954553 0.11315662862921272,5
2,867,1,1,0.9976149658131146 0.01867736702645024 -0.0664494992205132 -0.02617208728781713 0.9931622400787266 -0.11377076394577387 0.06387019518286091 0.11523853887812584 0.9912823398631379,87.99858010841555 102.01676969753338 62.864683422798834,5
2,871,1,1,0.9999999623669815 -0.00014483677563101316 -0.0002329985928788414 0.00014479258651944882 0.9999999715321581 -0.00018965967196968303 0.00023302605594127668 0.00018962592836321845 0.999999954870431,0.19700595743947247 0.1810628398775158 0.06414385817936363,5
2,877,1,1,0.999999787738536 0.0002433711949568762 -0.0006043950235144757 -0.00024365888166727467 0.9999998570446863 -0.00047596318811984895 0.000604279101383054 0.0004761103533068023 0.9999997040828055,0.5873736773653775 0.4059956176159627 0.18688302797818324,5
2,883,1,1,0.9999987276319873 0.0001459562957718541 -0.0015885311351168663 -0.0001471616642833573 0.9999997013558315 -0.0007587039562647058 0.0015884199230917218 0.0007589367617996945 0.9999984504673687,1.4229959846828706 0.651506905788402 0.31075131478417006,5
2,886,1,1,0.9999998168921991 0.00039682348833186554 -0.00045688804594298804 -0.00039685034846248524 0.9999999195320435 -5.870014727105827e-05 0.0004568647155810679 5.888145270269152e-05 0.9999998939037976,0.4360387321363248 -0.0348585411314879 0.13774725391976972,5
2,902,1,1,0.9999998990763724 4.9203626526814204e-05 -0.00044657166130177006 -4.926675323120577e-05 0.9999999887966787 -0.00014134860968484375 0.0004465647014345875 0.0001413705965554457 0.9999998902971549,0.33747127754951123 0.11185276494981622 0.039827891918776004,5
2,903,1,1,0.9999998955653626 -0.000457021201710206 -9.410320306879605e-07 0.0004570214275599893 0.9999998628222768 0.00025590397239516616 8.240783598845169e-07 -0.000255904375741689 0.9999999672561353,0.026798939545628286 -0.19259331559911175 0.028284605524504514,5
2,904,1,1,0.9999996311077548 0.0002676064326035954 -0.0008161930849351906 -0.0002675729699442575 0.999999963357444 4.110737966739331e-05 0.0008162040556268235 -4.088897329543317e-05 0.9999996660694601,0.7756183182367176 -0.041902690853452995 0.021432574927189307,5
2,907,1,1,0.99999998149577 -0.00017351103463603135 8.308057299402996e-05 0.00017350172848940026 0.999999978675722 0.0001120076222321173 -8.310000578098248e-05 -0.00011199320553640507 0.9999999902759559,-0.06857296335903129 -0.020554949040899828 -0.04615789229251277,5
2,909,1,1,0.9999999387537122 -0.0003322044543736524 -0.00011014886696189552 0.0003322190857167895 0.9999999359919051 0.00013284075656164185 0.00011010472961994755 -0.00013287734198130785 0.999999985110281,0.051517838209917954 -0.060289235356897564 0.048624289584040525,5
2,918,1,1,0.9999998722966588 0.0005049553277906571 -2.0658733745182456e-05 -0.0005049616882504826 0.9999998247526038 -0.0003090444234763595 2.050267649655879e-05 0.00030905481587926997 0.9999999520323795,-0.0679472509764878 0.0041896828573442235 -0.049470839891228024,5
2,972,1,1,0.9874554973702219 0.15411435508898713 0.0343570410372388 -0.15394632564237298 0.9880507512928585 -0.007499446035002716 -0.03510227249825287 0.002116228986867308 0.9993814847396034,-26.215919159409623 -59.12041199189984 -17.963800992730512,5
2,1001,1,1,0.9999999579949536 -0.0002421643282275454 -0.00015926873849285428 0.00024221025636761429 0.9999999290761261 0.0002884127881884191 0.000159198883907391 -0.00028845135259608634 0.9999999457257653,0.09252045951708965 -0.12113371466136869 0.1420406259928768,5
2,1012,1,1,0.9999999580191054 -0.00026508374373998556 0.00011701451932932816 0.00026504926058693035 0.9999999214773758 0.00029460843863132746 -0.00011709260604861327 -0.0002945774116513422 0.9999999497567342,-0.13050663064078094 -0.24935973177757376 -0.025589218161599092,5
2,1038,1,1,0.9999999309503611 -0.00030073849811718123 0.00021830169120456988 0.0003005718096975585 0.9999996635905858 0.0007632006958130377 -0.00021853114159699205 -0.0007631350277800819 0.9999996849344852,-0.2443108242242431 -0.6086858521892538 -0.11345266837747658,5
2,1050,1,1,0.9999998235771992 -0.0005078011385203918 0.00030819405431745106 0.0005075674411385567 0.9999995839926548 0.0007578850907792589 -0.0003085787810185592 -0.0007577285278029533 0.9999996653132509,-0.2923155440264651 -0.7104332029737446 -0.019080730017094538,5
2,1057,1,1,0.9999999868472133 6.995128983228183e-05 -0.00014632973369105295 -6.994329051593362e-05 0.9999999960595214 5.467078068199793e-05 0.0001463335574063418 -5.4660545180162945e-05 0.9999999877993578,0.13878902573901541 -0.051187700367592015 0.022416347194621267,5
2,1061,1,1,0.9999999588007569 7.070699997093789e-05 -0.0002782067673314792 -7.08471192808896e-05 0.9999998706465457 -0.0005036740790640148 0.00027817111806155426 0.0005036937684610582 0.9999998344566952,0.23586950918854654 0.4065867561659502 -0.013616811575161591,5
2,1069,1,1,0.999999981932042 -5.759828816806478e-05 -0.0001811583652992499 5.7634490937527594e-05 0.9999999783708041 0.00019984158066105318 0.00018114685084802407 -0.00019985201802061314 0.9999999636224943,0.17714356379264018 -0.13681011479054916 0.05665452807284055,5
2,1071,1,1,0.9999999533784887 0.00026970413297705553 -0.0001431876449695113 -0.00026969445552221805 0.9999999613475132 6.760082900766906e-05 0.00014320587165767007 -6.756220894230114e-05 0.9999999874637131,0.13222678525787046 -0.036091980495967846 -0.026836501040293115,5
2,1087,1,1,0.999999981423553 -0.00015460604923117627 0.00011510804547493203 0.00015460087125260258 0.9999999870371821 4.499117659223506e-05 -0.00011511499989058649 -4.4973379951990244e-05 0.9999999923629656,-0.10251643756089379 -0.023928277746122717 0.011442730175872384,5
2,1098,1,1,0.9958588666037371 0.029161559986715102 0.08610877554501195 -0.032965615190880815 0.9985271434524069 0.04309074150979639 -0.08472535642773515 -0.045750925760235456 0.9953534381164686,-82.49459626721305 -32.0786512393051 18.566073235780323,5
2,1099,1,1,0.9999999895322366 -0.00014445911498045527 8.190987248857251e-06 0.00014445848044736254 0.9999999865693308 7.741502362879071e-05 -8.202170444615575e-06 -7.741383956089143e-05 0.9999999969699112,1.5096571729600328e-05 -0.07800483212317033 -0.008310525222896104,5
2,1103,1,1,0.9999999767283241 0.00017144658001227997 0.00013095579906480248 -0.00017142055398722267 0.999999965561807 -0.00019872437720888647 -0.0001309898651696284 0.000198701924068595 0.9999999716796,-0.10469328432816383 0.21491633217436856 0.0617520382429575,5
2,1107,1,1,0.9999998557062482 0.0005370872288334022 1.1171017199079758e-05 -0.000537085868586959 0.9999998483986552 -0.00012141431568812172 -1.1236225584076998e-05 0.00012140829837338149 0.9999999925668865,0.02800256207996199 0.3291886257353127 0.016783700083351505,5
2,1117,1,1,0.9999996295629 -0.00027192332295031263 0.0008166589059220158 0.00027173675420055776 0.99999993696065 0.0002285559709313545 -0.0008167210041396256 -0.00022833397002514078 0.999999640415135,-0.6137565563236649 -0.2428330656741764 0.26210411520423804,5
2,1123,1,1,0.999999995878728 -8.89554871308304e-05 1.815121294501676e-05 8.895161669654483e-05 0.9999999733332399 0.00021312233654612045 -1.817017086225281e-05 -0.00021312072108799207 0.9999999771247019,-0.0017330666516954807 -0.16533154761938107 0.001248982274660193,5
2,1131,1,1,0.999999829010812 -0.0002579642846495811 0.0005248168963531974 0.00025790711357059903 0.9999999608014549 0.00010900004727252416 -0.0005248449939004307 -0.00010886467462376676 0.9999998563430976,-0.48411592804461634 -0.16537053202607765 0.06281637594383938,5
2,1144,1,1,0.9999996594114768 0.0008197680817677022 -9.569338253956339e-05 -0.0008197936176963516 0.9999996282931173 -0.0002671180489660502 9.547437211955556e-05 0.0002671964068128724 0.9999999597453614,-0.06165215158468129 0.2581278064595267 -0.03918765496666765,5
2,1148,1,1,0.9999999597675089 -0.00026803970591865456 9.28423200494688e-05 0.00026800491111825253 0.9999998939304778 0.0003745829696857883 -9.29427133108951e-05 -0.0003745580724173747 0.9999999255339485,-0.0662133919052934 -0.26837442040439896 -0.005856486494735691,5
2,1151,1,1,0.9999996171525485 -0.00030271967623235474 0.0008210088641537119 0.00030262814131409854 0.9999999479794042 0.00011161271781066299 -0.0008210426088101283 -0.00011136421469361973 0.9999996567434649,-0.609794482317227 -0.10467353993681172 0.07176436358690808,5
2,1157,1,1,0.9999999345306458 -0.00024270574328996708 0.00026838894504384314 0.00024268387725281948 0.9999999672310595 8.150101689916728e-05 -0.0002684087170140015 -8.143587789355422e-05 0.9999999606624786,-0.20535043646897577 -0.07585229219170486 0.010240967955951419,5
2,1168,1,1,0.9999999653754776 0.0001343809931769746 -0.00022625382139887518 -0.00013442362036159006 0.9999999732179394 -0.00018839960192845728 0.0002262284980132645 0.00018843000926302422 0.9999999566573983,0.19998867636323325 0.16690510053666685 0.0024473896197605427,5
2,1169,1,1,0.9999999672125259 -0.0002555045296709496 -1.7099169933254554e-05 0.0002555089476010547 0.9999999338508695 0.00025886953061250717 1.7033026464718937e-05 -0.0002588738911158128 0.9999999663470914,-0.0021090964658014855 -0.20230215305523558 -0.01628602009361657,5
2,1180,1,1,0.9999998923384344 -0.00039151270080634015 -0.00024908015720394045 0.0003915275957550035 0.9999999215678054 5.9753869899162315e-05 0.000249056743268322 -5.985138522103528e-05 0.9999999671942753,0.12029544540857273 -0.08247391013690475 -0.05302612704190324,5
2,1199,1,1,0.9999992686076689 0.000871236208666748 -0.000838887117829562 -0.0008716133600499276 0.9999995191985735 -0.00044932479544590453 0.000838495246460208 0.000450055652033432 0.9999995471877138,0.7844365260129678 0.47951381198757304 -0.0494463535126215,5
2,1212,1,1,0.9999999913938177 8.206341850985899e-05 0.00010236190934390099 -8.200023429701109e-05 0.9999998062228213 -0.0006171144806116913 -0.00010241253203233797 0.0006171060815998719 0.9999998043458596,-0.12068519337279326 0.4803709629846473 0.011293646320609696,5
2,3,5,1,0.9999999999994487 1.0236434825339202e-06 2.3368285401170752e-07 -1.0236434232480107e-06 0.9999999999994438 -2.5402277878394663e-07 -2.3368311402593989e-07 2.5402253964190713e-07 0.9999999999999406,0.0018377573193220087 0.002517918926784546 -0.0006456804202343847,5
2,8,5,1,0.9999999999995277 9.469878723966652e-07 2.2191283145095442e-07 -9.469877998435905e-07 0.9999999999994984 -3.27462614128915e-07 -2.2191314150155073e-07 3.2746240402614646e-07 0.9999999999999227,0.0017292787080194216 0.0024930566261787135 -7.043016353236453e-06,5
2,17,5,1,0.9999999721385986 -0.0001547521272591279 0.000178254260095434 0.00015478006727986937 0.999999975737948 -0.0001567393843908832 -0.000178230000017654 0.0001567669702298713 0.9999999718290915,-0.15865911595217597 0.14152123815413375 0.006984067536905059,5
2,27,5,1,0.9999999852615323 0.00012141438537432298 0.00012138979852183152 -0.0001214063922225575 0.9999999904619896 -6.585218175730184e-05 -0.00012139779276626461 6.583744328925167e-05 0.9999999904640039,-0.12183316546165202 0.08861974607650325 -0.0008928646687991204,5
2,36,5,1,0.9997708237887556 -0.01914042733592275 0.00958874038397476 0.01920037558823212 0.9997964358862812 -0.006199384353316659 -0.009468129594794684 0.0063820710186889215 0.9999348097208582,-8.109352653729673 1.9734203319436858 1.6027516671276771,5
2,38,5,1,0.9999999900289288 0.00013848315868295047 2.7650644136314323e-05 -0.00013848339874961146 0.9999999903734992 8.680399388740455e-06 -2.764944178099138e-05 -8.684228457213339e-06 0.9999999995800465,-0.012123325069723023 0.04995199244865489 0.018569913526903292,5
2,39,5,1,0.9999999972622933 3.4278603866788604e-05 -6.557737134590957e-05 -3.428290075374596e-05 0.9999999972656495 -6.552392538597407e-05 6.557512509799968e-05 6.552617338915351e-05 0.9999999957031125,0.08553670527248869 0.08806387762663803 -0.0409227378796686,5
2,41,5,1,0.9999999933044045 -2.0399514300384336e-05 -0.00011390807555067273 2.0400916444285322e-05 0.9999999997161542 1.2308286401321866e-05 0.00011390782443526648 -1.2310610148114076e-05 0.9999999934367279,0.15450220111898716 -0.0032920480780376238 -0.04340414363616674,5
2,47,5,1,0.9999998494254378 0.0004870876564803117 0.00025277404208312593 -0.00048706667461889674 0.9999998779334288 -8.30613155599208e-05 -0.0002528144693695056 8.293818524086893e-05 0.9999999646030499,-0.2777768445252491 0.26531195174554867 0.07002507926824819,5
2,58,5,1,0.999999951545004 0.0002857473251974829 0.00012352512249619307 -0.00028574520737395526 0.9999999590275674 -1.71621901571134e-05 -0.00012353002148508818 1.712689261373912e-05 0.9999999922235019,-0.13587717886386486 0.09813521553407156 0.03139074671992148,5
2,61,5,1,0.9999999582412721 7.388423211354689e-05 -0.00027938964443638414 -7.388019653740974e-05 0.9999999971663909 1.4454551085050105e-05 0.0002793907116081275 -1.4433909119402049e-05 0.9999999608662449,0.2893386628851431 0.021860976151330647 -0.11928053543135775,5
2,62,5,1,0.9999999383420173 -0.00033978888996272216 8.865366230982608e-05 0.0003397708430012414 0.9999999215712039 0.00020350272867025038 -8.872280332292842e-05 -0.00020347259419313535 0.9999999753635835,-0.10027778279665256 -0.27076909094174084 0.007860876952918261,5
2,64,5,1,0.9999999817943277 -0.0001876429539258151 3.4662171536192776e-05 0.0001876382210569752 0.9999999730804254 0.00013649559425764346 -3.4687783039472064e-05 -0.00013648908782472064 0.9999999900837432,-0.041348268741160155 -0.18071062661835668 -0.009270384364754136,5
2,65,5,1,0.9999999476070918 -0.00024156051267548717 0.0002154862710807004 0.00024153802210724606 0.9999999653809355 0.00010439115478483307 -0.000215511480401942 -0.00010433910118745615 0.9999999713340768,-0.2567199665381281 -0.22047107661239806 0.07594610490309606,5
2,69,5,1,0.9999999939773858 -4.193088123195798e-06 -0.00010967062398556382 4.195616770751032e-06 0.9999999997253965 2.3056526313625092e-05 0.00010967052727750559 -2.305698631061004e-05 0.9999999937203752,0.1218227634763025 -0.022842217404161147 -0.0188789285537041,5
2,72,5,1,0.9999999910895546 -2.2952105465143258e-05 0.00013150699764469254 2.2968490525229757e-05 0.9999999919743375 -0.00012459443234599799 -0.0001315041368843417 0.0001245974517530557 0.9999999835910678,-0.07592439939250539 0.10992538652599748 -0.011639009584655469,5
2,79,5,1,0.999999994445115 4.1752557659459344e-05 9.67806516682379e-05 -4.17554103339865e-05 0.9999999986938894 2.9473833991856824e-05 -9.677942093389014e-05 -2.9477874944124072e-05 0.9999999948823991,-0.07337610821673479 -0.02250423508078825 0.031964814358161675,5
2,89,5,1,0.9999999915836286 -0.00011635759803185763 5.739035490576194e-05 0.0001163580576973855 0.9999999931983514 -8.006183470687933e-06 -5.7389422934983614e-05 8.01286123397471e-06 0.9999999983211241,-0.030660711250988015 -0.039256371420929526 -0.008313260468412409,5
2,96,5,1,0.9999999999934819 3.546357431105651e-06 6.78015944888255e-07 -3.5463613834441077e-06 0.9999999999767241 5.828836237328772e-06 -6.779952735763706e-07 -5.828838641738776e-06 0.9999999999827828,-0.034849806060179844 -0.010767616448532635 0.007583827436064894,5
2,97,5,1,0.9999999804267801 0.00010817668908114086 -0.00016566304583728875 -0.00010814901173122893 0.9999999801957048 0.00016706999406676526 0.00016568111563552979 -0.0001670520745019055 0.9999999723216868,0.14907013937420288 -0.1200441083932976 -0.03224401591921833,5
2,102,5,1,0.9999999909728006 -9.577245440728355e-05 -9.424455310508284e-05 9.576844759079384e-05 0.9999999945102829 -4.2518694092053e-05 9.424862470724937e-05 4.2509668053664074e-05 0.9999999946550622,0.0789271406753187 -0.01710554035583911 -0.005971160686613075,5
2,107,5,1,0.9999999372548027 0.0003527935733490112 3.204817181936149e-05 -0.00035280324890446524 0.9999998920407371 0.0003024043355432243 -3.1941482053701384e-05 -0.0003024156232679376 0.9999999537622654,-0.09796861481342489 -0.27640301186636407 0.0531192498827977,5
2,110,5,1,0.9999999943807163 6.545782015820664e-05 8.338969460303103e-05 -6.545335056832441e-05 0.999999996421426 -5.360042957406469e-05 -8.339320287142904e-05 5.3594971137996966e-05 0.9999999950865768,-0.09617121722664024 0.08597432620145185 0.02177604262431032,5
2,115,5,1,0.9999999283321652 0.0001948382953420036 -0.00032461315823723025 -0.00019485293818094496 0.9999999800001731 -4.507756496985316e-05 0.0003246043689092981 4.514081356671307e-05 0.9999999462971538,0.3015469701877862 0.07652553032938769 -0.040380741672606746,5
2,119,5,1,0.9999999487817648 -0.0003139449809665962 6.224963756241986e-05 0.00031395042218207436 0.9999999468965154 -8.741909711684759e-05 -6.222218947008612e-05 8.743863593935197e-05 0.9999999942414413,-0.007624214682323327 -0.028611799552997752 -0.006351243229573811,5
2,124,5,1,0.9999999951862686 8.885542604691876e-05 4.161942237964483e-05 -8.885602620467559e-05 0.9999999959483568 1.4418492700014884e-05 -4.16181410497346e-05 -1.4422190767103549e-05 0.9999999990299657,-0.06007760832929421 0.001425908095384898 -0.008824751355518856,5
2,126,5,1,0.9999999862680504 7.284932732538885e-05 0.00014885185515900456 -7.282417332801772e-05 0.9999999830703181 -0.0001689852199602826 -0.0001488641630986165 0.00016897437762664058 0.9999999746435605,-0.14547244814210103 0.16313563594819414 0.034482240577631273,5
2,136,5,1,0.9999999988387369 -4.811254770154677e-05 -2.776831535405977e-06 4.811233591387257e-05 0.9999999959379042 -7.621939346670603e-05 2.780498633309092e-06 7.621925977836785e-05 0.9999999970914474,-0.012344161934405129 0.043339533462201985 -0.02003694227369124,5
2,153,5,1,0.9999999920902479 2.705421680765721e-05 0.00012283148639062602 -2.7046541577826176e-05 0.9999999976819246 -6.248708118428148e-05 -0.00012283317664481264 6.248375852319077e-05 0.9999999905038952,-0.08979988355088153 0.05897278811072226 0.03574847319964647,5
2,156,5,1,0.9999999682088005 -0.0002498731211791616 3.384999774952435e-05 0.0002498778569173521 0.9999999589844842 -0.00013997173808826674 -3.381502118604551e-05 0.0001399801920032237 0.9999999896310456,-0.0013157131602810068 0.07637662967558612 0.007552555210622813,5
2,162,5,1,0.9999999808208795 -0.000154598485996027 0.0001202395511941956 0.0001545971620011688 0.999999987989133 1.102052430183853e-05 -0.00012024125350645898 -1.1001935397436657e-05 0.9999999927104992,-0.1383746572070379 -0.07301469813124584 0.03435154686894748,5
2,166,5,1,0.9999999782263616 0.00020719836913285494 -2.4821606319724854e-05 -0.000207201770600296 0.9999999691338011 -0.0001371124473172891 2.4793196077843582e-05 0.00013711758741297153 0.9999999902920327,0.08596427652841498 0.19660010843290365 0.013440724065048926,5
2,175,5,1,0.9999999896006044 0.00010757186021786991 9.605772388560085e-05 -0.00010756283772400677 0.9999999898038783 -9.392805751001765e-05 -9.606782692228588e-05 9.391772429176437e-05 0.9999999909752169,-0.07807861793716597 0.1173374589257179 0.03470630281424292,5
2,176,5,1,0.9999999981624474 -6.061117566424912e-05 -1.1792630915663516e-06 6.061120311556811e-05 0.9999999978918702 2.329252414978722e-05 1.1778513018811942e-06 -2.329259558356278e-05 0.9999999997280341,-0.009777790544831078 -0.07627618548150394 0.0037989430391007772,5
2,178,5,1,0.9999999908371979 5.422850108180444e-05 -0.00012403577613212535 -5.423205180687951e-05 0.9999999981197919 -2.8623433545316157e-05 0.00012403422369311468 2.8630159998210836e-05 0.9999999918979126,0.10850604296035726 0.041238742565468556 -0.044038068701524935,5
2,203,5,1,0.9999999518665557 0.0001707951397016405 0.0002590287768243771 -0.0001707581217676446 0.9999999752069271 -0.00014292589039197057 -0.00025905318144960054 0.0001428816522455953 0.9999999562381408,-0.21875024921195063 0.19895534912196844 0.09659256165014085,5
2,207,5,1,0.9999999662949747 -0.0002427346091349175 9.214096932574911e-05 0.0002427507338815943 0.9999999552182866 -0.0001750300162425139 -9.209847935687243e-05 0.00017505237763069947 0.9999999804372672,-0.06758664360717148 0.047097545689148035 0.03242071868021412,5
2,217,5,1,0.9999999988372156 -1.2050609841135485e-05 -4.6694242721287416e-05 1.2050302845040273e-05 0.9999999999057808 -6.574879409121555e-06 4.669432194821799e-05 6.574316721749164e-06 0.9999999988882095,0.06127312306475119 0.00605042198792205 -0.01980825750842996,5
2,219,5,1,0.9999999957916599 -1.891679044020017e-05 8.977101652182795e-05 1.892063074961786e-05 0.9999999989060142 -4.277828895921619e-05 -8.977020719580509e-05 4.277998730349824e-05 0.9999999950555908,-0.058082801333455336 0.03368085691199241 0.025088079360671145,5
2,221,5,1,0.9999999980946992 -5.8448069466365826e-05 -1.9860154005402197e-05 5.844676063482268e-05 0.9999999961208095 -6.589657289246542e-05 1.9864005455672018e-05 6.58954120054539e-05 0.9999999976316087,0.05531812932552782 0.017413451936249658 -0.028905361048487066,5
2,224,5,1,0.999999950139446 0.0003101362405433794 5.946947742789532e-05 -0.0003101373563084153 0.9999999517315588 1.8753673330179632e-05 -5.946365836352607e-05 -1.8772116101690994e-05 0.9999999980558406,-0.08212527325179053 0.05165545734485022 -0.009963540913418,5
2,243,5,1,0.9999999962913513 8.589995205893208e-05 6.204508791785718e-06 -8.589966138605742e-05 0.9999999952139271 -4.683368908468821e-05 -6.208531773733289e-06 4.683315594567611e-05 0.9999999988840547,-0.0038649311429139743 0.10589756498742986 -0.013029256468712447,5
2,248,5,1,0.9999999858464077 -0.00016607395880502418 2.695599084653888e-05 0.0001660708611673778 0.9999999796119647 0.00011487619273650718 -2.6975068240953082e-05 -0.00011487171450630385 0.9999999930384179,0.0006481133976876663 -0.1630088140464352 0.03613540322839981,5
2,249,5,1,0.9999999963839286 3.170870261394454e-06 -8.498287113201108e-05 -3.187352099517926e-06 0.9999999811878544 -0.00019394362963578993 8.498225456365915e-05 0.00019394389980509352 0.9999999775818904,0.10271586086619777 0.19584123620184002 -0.013606449844928648,5
2,254,5,1,0.9999366725767672 0.008156486416754039 -0.007753874221003487 -0.007933561542596806 0.9995663264504244 0.02835873106562814 0.00798181917557994 -0.0282954193419378 0.9995677364775797,9.88326688459476 -24.101815643666725 -7.8232679375663565,5
2,258,5,1,0.9999999941877993 8.990579143813848e-05 5.950924512515554e-05 -8.990480897502762e-05 0.9999999958222416 -1.6511887911907497e-05 -5.951072939075486e-05 1.6506537648480757e-05 0.9999999980930037,-0.030642200612618353 0.027598827131257053 0.0173255678496389,5
2,263,5,1,0.9999999850559835 0.0001437869071143072 -9.598623636458692e-05 -0.00014376662871548596 0.9999999673550226 0.00021123709196191331 9.601660635907838e-05 -0.00021122328918765643 0.999999973082766,0.0677913598892701 -0.24897453786795243 0.05718141367924545,5
2,266,5,1,0.9999999553988597 -0.0002986570994558818 -2.493267282712569e-06 0.0002986572100211471 0.9999999544134298 4.44635742161692e-05 2.4799878069487608e-06 -4.446431686529195e-05 0.999999999008387,0.02947191776689806 -0.10532633939732694 -0.002621147214085795,5
2,268,5,1,0.9999999963049192 -5.0465119082993004e-05 6.95947754835724e-05 5.047130634536212e-05 0.9999999947742535 -8.890522545221269e-05 -6.9590288507837e-05 8.890873766284613e-05 0.9999999936262141,-0.06251199986604661 0.03982753348923751 0.005166673981079839,5
2,277,5,1,0.9999999042380205 -0.00039263789014803985 0.0001932858945991045 0.00039267249118984937 0.9999999068819629 -0.00017900944313220535 -0.00019321559071089345 0.00017908532404325994 0.9999999652980909,-0.08043399954917163 0.028528307713600043 0.007586746775928077,5
2,283,5,1,0.9999999890943039 0.0001416214612993752 -4.188979128799675e-05 -0.00014162102471515503 0.9999999899174026 1.042499533851493e-05 4.189126726877879e-05 -1.0419062749449093e-05 0.999999999068283,0.07025174272146728 0.03971525109535179 -0.044536700813523566,5
2,307,5,1,0.9999999760941786 0.00018960203041595847 0.00010891607316554364 -0.0001896005288903324 0.999999981930651 -1.3796239293581425e-05 -0.00010891868699239304 1.3775588418616508e-05 0.9999999939734756,-0.0324882792066461 0.05030994642103792 0.019554798137505713,5
2,310,5,1,0.9999999986722918 4.5404630871048735e-05 2.4368748084174774e-05 -4.540360254789988e-05 0.9999999980789497 -4.219731654606096e-05 -2.437066399058052e-05 4.219621006101848e-05 0.9999999988127755,0.002969266583633612 0.029399183636655835 0.009190888409534637,5
2,322,5,1,0.999999992248847 6.85784541972767e-05 0.00010391968818197067 -6.859880237247706e-05 0.9999999784751821 0.0001958158313865449 -0.00010390625719863128 -0.00019582295863440624 0.9999999754284287,-0.08931794152161388 -0.16310831027825756 0.01859739772226021,5
2,326,5,1,0.9999999973045071 3.433590142429277e-05 -6.490016456317527e-05 -3.433265259644713e-05 0.9999999981576675 5.005930305918005e-05 6.490188327473723e-05 -5.00570747289375e-05 0.9999999966410176,0.054467100631413246 -0.010824167535389506 -0.01877747767866822,5
2,338,5,1,0.9999999397680883 0.0003122254347183162 -0.0001515885766488062 -0.00031223033115113097 0.999999950735167 -3.227821308125073e-05 0.00015157849110167265 3.232554168876994e-05 0.9999999879895102,0.09703985037856455 0.1019035986895993 -0.01997213171034673,5
2,342,5,1,0.999999988172918 0.00013983892296537404 -6.402531024970667e-05 -0.0001398324825342967 0.9999999851647291 0.00010058538200944517 6.40393750513911e-05 -0.00010057642800173627 0.9999999928916706,-0.04104042445549538 -0.028861002847435202 0.045695310840756065,5
2,356,5,1,0.9999999960258187 4.285443533492972e-05 7.81783882916054e-05 -4.2853978678716875e-05 0.9999999990646983 -5.842874504974338e-06 -7.81786386118144e-05 5.839524226947113e-06 0.9999999969270004,-0.017571848355586894 -0.001248619095150616 -0.01700980229838933,5
2,362,5,1,0.9999999666159607 0.0002480258242433808 7.246563095858471e-05 -0.00024802433856324635 0.9999999690316306 -2.0510133612094972e-05 -7.247071575702813e-05 2.0492159687163225e-05 0.9999999971640335,-0.05426685025075528 0.0631051366340536 -0.00852192048910183,5
2,365,5,1,0.9999999876680887 0.0001320356608162654 -8.503179714608455e-05 -0.00013203876739351084 0.9999999906156718 -3.652972634204943e-05 8.502697312140484e-05 3.654095338545549e-05 0.9999999957175862,0.10297351629209572 0.035577440014805006 0.019458910125422335,5
2,368,5,1,0.9999999993566345 -3.5856448117946305e-05 -1.0232752191974281e-06 3.585675724888937e-05 0.9999999532354519 0.0003037159660322364 1.0123849953913577e-06 -0.00030371600252809827 0.9999999538777817,-0.008644278507361491 -0.2769941438004082 -0.06429045552476964,5
2,387,5,1,0.9999999907724475 -0.00011733048657512624 -6.847380524124813e-05 0.00011732841966125007 0.9999999926613419 -3.018870389513359e-05 6.847734679393813e-05 3.018066969362812e-05 0.9999999971999903,0.01864834548908334 0.03412905163828839 0.013046370891970582,5
2,402,5,1,0.9999999930650729 0.00010274390677511569 5.756339318102599e-05 -0.0001027357449169819 0.999999984672743 -0.00014177404759352363 -5.7577958718024735e-05 0.0001417681327925968 0.9999999882932873,-0.04205150454455975 0.1495745016662191 0.019944037951518112,5
2,415,5,1,0.9999999820034726 -1.2012423799983435e-05 -0.00018933767781342814 1.2031535095494844e-05 0.9999999948335019 0.00010093680784695191 0.00018933646433971774 -0.00010093908405342522 0.9999999769815028,0.22045669371436816 -0.10268642806670414 -0.08123981542928504,5
2,417,5,1,0.9999999634007455 0.00026397813059364506 5.927945265285506e-05 -0.00026398201563798684 0.9999999630090328 6.553951907313504e-05 -5.926214946011532e-05 -6.555516538359063e-05 0.9999999960952594,-0.0886421170965832 0.08458364386337802 0.021601571902920114,5
2,425,5,1,0.9999999803676293 0.00019440392815489593 3.8364742629699855e-05 -0.00019440394296504904 0.9999999811034801 3.82311168660443e-07 -3.8364667582179574e-05 -3.897694184837319e-07 0.9999999992640002,0.04523694061597894 0.021579459310771654 0.025388945280838016,5
2,428,5,1,0.9999999721600961 -1.5324716218789725e-05 0.00023546753521758168 1.5361665145680048e-05 0.9999999875706507 -0.00015691627884545367 -0.00023546512759331506 0.00015691989165039777 0.9999999599661595,-0.24898089770641718 0.160751380003596 0.08316172176239434,5
2,434,5,1,0.9999999864459048 0.00011328043756808626 0.00011948109906406712 -0.00011327882128808753 0.999999993492367 -1.3534180656860073e-05 -0.00011948263144473392 1.352064579546175e-05 0.9999999927705465,-0.1295896271973902 0.04107980759869179 0.037775335666765386,5
2,435,5,1,0.9999999978472944 -6.265091327711803e-05 -1.9500606250000274e-05 6.264945248107834e-05 0.9999999952323746 -7.490191056447326e-05 1.9505298830602147e-05 7.490068870041888e-05 0.9999999970047152,0.007285225907594395 0.01943247681336402 0.03278205791195887,5
2,438,5,1,0.9999999333826959 0.00036448216834653047 -1.968133551297213e-05 -0.00036448272109093627 0.9999999331816921 -2.808842044948502e-05 1.9671096469470184e-05 2.8095592084897286e-05 0.9999999994118434,0.03492926370626037 0.12055218133092183 -0.0017221488910763583,5
2,442,5,1,0.9999999432671018 0.00026793007849098063 -0.00020415500422243937 -0.00026789662502754545 0.9999999506885524 0.00016387279025918688 0.00020419890060457968 -0.00016381808852571154 0.9999999657332206,0.16943808656463943 -0.06774798953024685 -0.06125771740983055,5
2,446,5,1,0.9999999997167816 -3.7036073189944396e-06 -2.351001022771193e-05 3.7041853822583626e-06 0.9999999996908551 2.4587972300118416e-05 2.3509919156256e-05 -2.458805937840744e-05 0.9999999994213552,0.11650792964007906 -0.033485586136649204 -0.005701143497162775,5
2,453,5,1,0.9999999962257972 4.699504594303516e-05 -7.307442038878564e-05 -4.6994172315940885e-05 0.9999999988242896 1.1956978299481821e-05 7.307498222153264e-05 -1.1953544182477169e-05 0.9999999972585797,0.1457142807088161 0.0034927724330344745 0.008075395021705845,5
2,473,5,1,0.9999999953413793 -4.88107838636509e-05 -8.327513806265924e-05 4.8802958274807295e-05 0.9999999943937545 -9.397214024054606e-05 8.327972444951981e-05 9.396807572911378e-05 0.999999992117244,0.1669159639047919 0.08046285109786311 0.0051453703340484935,5
2,474,5,1,0.999999985550288 -0.0001239976536848708 0.00011629276262570265 0.00012398447857329964 0.9999999858962743 0.0001132929856858117 -0.0001163068090498931 -0.00011327856555116284 0.9999999868203469,-0.028136283430029607 -0.14404394468516557 0.008744717422814574,5
2,476,5,1,0.9999999873212401 9.66012366407365e-05 -0.00012659273144882688 -9.65878426051614e-05 0.9999999897379412 0.00010580598416621081 0.0001266029511386435 -0.0001057937555059181 0.9999999863896868,0.20109114166035624 -0.07555558188059308 -0.062090840319228846,5
2,477,5,1,0.9999999527008059 -0.00029607136026099656 8.330748546492295e-05 0.00029607493768452064 0.9999999552481786 -4.2933351435223144e-05 -8.329477040097677e-05 4.295801466326632e-05 0.9999999956082959,-0.10583898221520371 -0.04915097946701508 0.06560977466210716,5
2,480,5,1,0.9999999807299045 -4.707232408716899e-06 -0.00019626011946982658 4.704281188691595e-06 0.9999999998758683 -1.5037746636539784e-05 0.00019626019023172292 1.5036823084034479e-05 0.9999999806279165,0.27194105170876526 0.01855440559620547 -0.005630354321283448,5
2,491,5,1,0.9999999907480398 -1.3723991212688524e-05 -0.00013533503930934776 1.3743058932841334e-05 0.999999989980177 0.00014089278189624577 0.00013533310434188373 -0.00014089464051003642 0.9999999809168251,0.21142180449765036 -0.18560923706070298 0.0029473375323050277,5
2,494,5,1,0.9999999670083618 -3.450490737455514e-05 0.00025454407790158687 3.448105184872263e-05 0.9999999950135812 9.372243700865503e-05 -0.00025454731051630444 -9.371365696931797e-05 0.999999963211708,-0.17506414853281171 -0.0770681955980308 0.10076340311775311,5
2,499,5,1,0.9999999792247611 0.00018809395526125233 7.855661787711798e-05 -0.00018809343603686662 0.9999999822885381 -6.616891749451712e-06 -7.855786108316998e-05 6.602115627990773e-06 0.999999996892537,-0.024202185074926774 0.08678344355391232 0.015085687025930383,5
2,501,5,1,0.9999999798276809 -0.00016384559521306907 -0.00011618631514186822 0.0001638674624281078 0.9999999688596574 0.00018822364386787813 0.00011615547190883726 -0.00018824267922750684 0.9999999755363,0.19391421189402536 -0.21729735392133875 -0.060800397497587255,5
2,503,5,1,0.9999999955049016 7.2271042580202e-05 -6.137665462341291e-05 -7.226793738496218e-05 0.9999999961088385 5.059315594665298e-05 6.138031080485384e-05 -5.058872015505436e-05 0.9999999968366193,0.13820013556357935 -0.028055428515742165 -0.014222381116496763,5
2,521,5,1,0.9999999725191805 6.068375413739724e-05 -0.00022644893743498096 -6.0674750563372015e-05 0.9999999973686001 3.9766499424477575e-05 0.00022645135001972405 -3.975275859883359e-05 0.9999999735697521,0.3397044828114133 0.0005012684225107478 -0.05494207615697633,5
2,527,5,1,0.9999999972539751 -2.78808667013436e-05 -6.866372564551249e-05 2.7898645377388842e-05 0.9999999660867761 0.0002589365024381618 6.865650394277667e-05 -0.00025893841735174367 0.9999999641185898,0.15118024906163896 -0.30623095126478006 -0.006325035394183942,5
2,529,5,1,0.9999999682608479 -8.041347247085551e-05 0.00023877181162157424 8.034845942107849e-05 0.9999999597043524 0.0002722782022811388 -0.00023879369683582619 -0.00027225900869161336 0.9999999344262995,-0.16876630142354543 -0.33083415484848366 0.08642553766526362,5
2,532,5,1,0.999999998503883 3.303012401628669e-05 -4.360327538560638e-05 -3.3029159311859235e-05 0.9999999992097772 2.2125122045468792e-05 4.360400614683568e-05 -2.2123681832825204e-05 0.9999999988046169,0.14126666960675038 -0.05143010713447893 0.01675634076229926,5
2,535,5,1,0.9933813170799672 0.07474685472524319 0.08721505939430974 -0.08209704027454875 0.9930800283123832 0.08397698104382763 -0.08033451845021973 -0.09058126227735896 0.9926436420335402,-97.56124584176068 -83.1045329769604 -6.118567956132097,5
2,540,5,1,0.9919844004626612 -0.03857719262484155 0.12032767532002109 0.043565831491605034 0.9982848782097621 -0.039106524572821585 -0.11861267877077719 0.044035237559317944 0.9919636738751656,-134.2328407183014 38.07306637588889 22.56454606331522,5
2,543,5,1,0.9999999645356538 0.0001224304963394207 -0.00023651525700779663 -0.00012248212758841914 0.9999999686721174 -0.0002182977187414059 0.00023648852330038217 0.0002183266798919392 0.9999999482033191,0.3231933884739817 0.3210943470135075 -0.024732985622677006,5
2,549,5,1,0.9999999983988866 -1.0292078706786167e-05 -5.5644406755872566e-05 1.0300233458049313e-05 0.9999999892080855 0.00014655283994807408 5.564289782200235e-05 -0.00014655341286360648 0.9999999877129825,0.1575821486592872 -0.13972601352459435 -0.02267943836432096,5
2,560,5,1,0.9999999722315731 0.00014985173428280762 0.00018188268638136273 -0.00014985101462888784 0.9999999887644552 -3.9703140048696905e-06 -0.00018188327929702375 3.943058589001014e-06 0.9999999834514625,-0.09684565105982301 0.08833291320611458 0.023724508823875112,5
2,563,5,1,0.9999999872030519 -0.0001323685453785417 8.984689576357896e-05 0.00013235810281549132 0.9999999844868668 0.00011622219310052431 -8.986227853256812e-05 -0.00011621029964899339 0.999999989209968,0.006576748037417701 -0.14437075856419312 0.0056049536075306605,5
2,571,5,1,0.9999999778424961 -0.00020312154139059957 5.5286933151710294e-05 0.00020312565455565812 0.9999999766022103 -7.440124646471147e-05 -5.5271819362712193e-05 7.441247501026316e-05 0.9999999957039036,0.04852015460636494 0.012971705491224839 -0.04360249865339938,5
2,575,5,1,0.9999999899145708 -8.681102577565158e-05 0.00011240420075109281 8.682982551374424e-05 0.9999999822428165 -0.0001672571326478689 -0.00011238967899152019 0.00016726689099812175 0.9999999796951736,-0.029528235123137847 0.13103278642304872 -0.03331386082004428,5
2,589,5,1,0.9999999922552526 -4.169636405815247e-06 -0.00012438693376757258 4.1737377815542764e-06 0.9999999994476977 3.29724788590063e-05 0.0001243867962155941 -3.2972997762068315e-05 0.9999999917203529,0.18635201782518607 0.006896796413755624 -0.028894028771446756,5
2,603,5,1,0.9999999261231487 6.196435048844151e-05 -0.00037936014028772114 -6.194237869097674e-05 0.9999999964036561 5.792951849190042e-05 0.0003793637284880691 -5.790601574265364e-05 0.999999926365025,0.33016428247125873 -0.00909595345534342 -0.13645744093992107,5
2,607,5,1,0.9999999874593684 -5.16765205544889e-05 -0.00014970237135050746 5.169171545055251e-05 0.9999999935129992 0.00010149861236851548 0.00014969712528423162 -0.00010150634946781006 0.9999999836436155,0.14378047178470865 -0.09458095408326983 -0.02985642747626116,5
2,611,5,1,0.9999999735348347 -0.00021996021843946612 6.743761897140543e-05 0.0002199583011541495 0.9999999754048522 2.8436599751886782e-05 -6.744387223360515e-05 -2.8421765535233123e-05 0.9999999973217633,0.030995871773768613 -0.061941916719177925 0.010062045053473412,5
2,615,5,1,0.9999999967238953 -7.459915704330355e-05 3.1419335168036966e-05 7.460219683372293e-05 0.9999999925361062 -9.675897763059688e-05 -3.141211679580369e-05 9.676132126508474e-05 0.999999994825263,0.052723774720831784 0.0677621008764504 0.08270209437796439,5
2,625,5,1,0.999999993331689 3.44734377708527e-05 0.00011021889801793305 -3.450323131387774e-05 0.9999999628677715 0.00027032199903358894 -0.0001102095749964116 -0.00027032580013863425 0.9999999573889049,-0.059603406574133544 -0.27161299165581454 0.017226742847128662,5
2,642,5,1,0.9810453658047824 -0.18812144248703447 -0.04647916855494253 0.19267255623288482 0.9213865873183466 0.3375263586514944 -0.02067066297068245 -0.34008393020907196 0.9401678808095414,-110.10557466647872 -359.52054850183094 -96.48402990109102,5
2,648,5,1,0.9999999889348361 0.0001480428790712751 1.4616231165776039e-05 -0.00014803983845596003 0.9999999674490999 -0.00020781242738349137 -1.4646995839973087e-05 0.00020781026129948477 0.9999999783001802,0.07729030425423389 0.19082974103940842 0.10120611796594403,5
2,649,5,1,0.999999972746421 -0.00013172091602978164 0.00019276088328151753 0.00013170234684994897 0.9999999866863325 9.634224075898146e-05 -0.00019277357100300208 -9.631685107268362e-05 0.9999999767807073,-0.11806945856056927 -0.14570657019834243 0.0762213868630397,5
2,652,5,1,0.9999999948192292 -8.511318829174108e-05 -5.5832659760651077e-05 8.5113890666344e-05 0.9999999962987131 1.2577743189910381e-05 5.5831589022194844e-05 -1.2582495259644624e-05 0.9999999983622571,0.10229248377919475 0.010708891591093561 -0.01897239111701765,5
2,667,5,1,0.999999963547709 0.0002620514691824005 -6.506617667911829e-05 -0.00026204633565357627 0.9999999625538019 7.889304210390025e-05 6.508684828027134e-05 -7.88759888751267e-05 0.9999999947711397,0.07396622903613093 0.03484304447340136 -0.06063726678939929,5
2,669,5,1,0.9999999972277082 7.314369872994664e-05 -1.3949332291325611e-05 -7.31432032395063e-05 0.9999999966942743 3.551792540851251e-05 1.395193015758106e-05 -3.551690501102378e-05 0.9999999992719468,0.0065446777324496 0.03416262112197188 -0.030730002613836405,5
2,679,5,1,0.9999999735911836 2.2342201286496e-05 0.00022873228674391566 -2.2374231163718727e-05 0.9999999899454177 0.00014003056206028652 -0.00022872915585292475 -0.00014003567607090428 0.9999999640364905,-0.1230614161090049 -0.12839438969882622 -0.0024752712197368965,5
2,691,5,1,0.9999999948665523 -3.4094415551119694e-05 -9.541732956247495e-05 3.41071027239806e-05 0.9999999905782929 0.0001329666120617008 9.541279524460933e-05 -0.00013296986578731958 0.9999999866077064,0.16966933367754677 -0.08812279564892833 -0.03194640989295294,5
2,695,5,1,0.9999999790400066 -0.00019800367999633917 5.210114213033412e-05 0.00019799996653332985 0.9999999778583267 7.126962726748676e-05 -5.211525262543981e-05 -7.125930974897013e-05 0.999999996103056,0.001323830483158872 -0.11164582138277979 0.01655555846605239,5
2,703,5,1,0.9999999863209746 0.00010711567753671214 -0.00012603286212328757 -0.00010710395467873612 0.999999989938256 9.301736751188283e-05 0.00012604282447351012 -9.300386762123303e-05 0.999999987731743,0.2671239361998161 -0.3132436000368024 0.40155596880322264,5
2,708,5,1,0.9999999967074777 5.250809590472659e-05 -6.187039254748009e-05 -5.250950405674866e-05 0.9999999983624064 -2.275830355358277e-05 6.186919745130616e-05 2.2761552261940654e-05 0.9999999978270572,0.09076035045715258 -0.30826612912484563 0.2690512023405063,5
2,711,5,1,0.9999999961166156 -1.8744664868494687e-05 8.611274857139861e-05 1.8737615031017008e-05 0.9999999964732985 8.186760051211162e-05 -8.611428284827083e-05 -8.186598664702838e-05 0.9999999929411448,0.18954099675298863 -0.14153464815952077 0.38346228532850546,5
2,727,5,1,0.9999999685426558 0.00012491330111449563 -0.00021751173385708977 -0.00012488844256039363 0.9999999856696652 0.00011429586802647876 0.00021752600781399511 -0.00011426869972949445 0.9999999698125492,0.3943017264989912 -0.11828548502279546 0.397995886095714,5
2,736,5,1,0.9999999759361056 2.365417721508778e-05 -0.00021810150995804634 -2.3686369287304054e-05 0.9999999888266093 -0.00014759992517193732 0.0002180980161670676 0.00014760508765249147 0.9999999653229963,0.5208061433882563 0.13700126244101796 0.3801158609014692,5
2,739,5,1,0.9999999947436673 5.752485425364329e-05 8.487376738652852e-05 -5.7554754679320363e-05 0.9999999362746164 0.00035233253174055124 -8.485349410009002e-05 -0.00035233741477785907 0.9999999343291134,0.09578481391804416 -0.5317814105411003 0.35525197246715834,5
2,740,5,1,0.9999999780489146 0.00020369131808876603 -4.911228937215517e-05 -0.00020368938512523548 0.9999999784807188 3.9359834393706133e-05 4.912030557180369e-05 -3.934982987766761e-05 0.9999999980193933,0.21000715057533625 -0.033961518389872936 0.4127826679134614,5
2,750,5,1,0.9999999580562985 0.0002878699250742911 -3.191091071855223e-05 -0.00028787132911910207 0.9999999575969143 -4.4003033996542484e-05 3.189824221506987e-05 4.401221838695735e-05 0.9999999985227136,0.034870736562865545 -0.19436778177656322 0.40156380305552375,5
2,754,5,1,0.9999999972575356 -4.2405245834487015e-06 -7.393880610888359e-05 4.243823747002162e-06 0.9999999989955193 4.462008722805333e-05 7.393861682214453e-05 -4.46204008885398e-05 0.9999999962710504,0.019344473424332875 -0.39765262582352534 0.250813699498849,5
2,756,5,1,0.9999999875601051 0.0001560182350399536 2.319698431380024e-05 -0.00015602031750469592 0.9999999837969532 8.979840529382832e-05 -2.3182973749119595e-05 -8.98020233778829e-05 0.9999999956990736,-0.08045242963454058 -0.32846342979541987 0.38751450047743674,5
2,757,5,1,0.9999999822458104 0.00018412519297301977 -4.007858800623987e-05 -0.0001841189875674415 0.9999999710717362 0.0001547796049569672 4.01070856715785e-05 -0.000154772222979771 0.9999999872184906,0.061161987224215286 -0.38101089730406557 0.3752303853570993,5
2,758,5,1,0.999999954553896 0.00026982927832017167 -0.0001344781288583896 -0.0002698296136180098 0.9999999635929258 -2.475192058815079e-06 0.00013447745608333866 2.5114781279089726e-06 0.9999999909547536,0.2201528784962381 -0.24848003137535102 0.38003204386109246,5
2,761,5,1,0.9999999890388908 -3.316479274306089e-05 -0.0001442993911216217 3.316357457801983e-05 0.999999999414435 -8.44431651400579e-06 0.00014429967109105823 8.439530937986994e-06 0.999999989553189,0.2565916595567419 -0.04624811124056549 0.42419832669475,5
2,762,5,1,0.9999999811321194 0.0001291924421723059 0.00014506920551596303 -0.00012920599477665023 0.9999999872896151 9.34161679730372e-05 -0.0001450571350089802 -9.343491002122839e-05 0.9999999851141725,-0.2089944770392549 -0.261549184169553 0.3559033089177319,5
2,764,5,1,0.9999999637177129 0.00016259181112890375 -0.00021477540795827865 -0.0001626115511871029 0.999999982556307 -9.18959709242384e-05 0.00021476046267920879 9.193089255227216e-05 0.9999999727133272,0.10027533770522723 -0.12849265978354074 0.38308192270187646,5
2,768,5,1,0.9999999738985548 0.00020712332333033823 9.645112784800736e-05 -0.00020712354141055878 0.9999999785473861 2.251064667446734e-06 -9.645065953031717e-05 -2.27104190825278e-06 0.9999999953460567,-0.24354971642307532 -0.35408674885985647 0.2702350037420729,5
2,769,5,1,0.9999999646368661 0.00013527930100526442 -0.0002289667606603929 -0.0001353107325448022 0.9999999814245761 -0.00013726563499449895 0.0002289481872080057 0.00013729661180006403 0.9999999643661833,0.20048979707031833 -0.19845263098736154 0.34608100178593304,5
2,770,5,1,0.9999999737714165 0.00021303645996406662 -8.40989515984436e-05 -0.00021304044277126177 0.999999976185757 -4.735246641335289e-05 8.408886179400721e-05 4.737038164948082e-05 0.9999999953425556,-0.10829811470003392 -0.28066666863638545 0.27515282638194094,5
2,773,5,1,0.9999999780842203 0.0001978515148380322 -6.845682138401088e-05 -0.00019785732536931055 0.9999999768237258 -8.488242529308687e-05 6.844002568177909e-05 8.489596811672717e-05 0.9999999940543189,0.19509596540569873 -0.25866259492201493 0.25576836555615046,5
2,775,5,1,0.9999999470999783 0.0003106030984982855 -9.656994889521708e-05 -0.00031061631241760534 0.9999999423950983 -0.00013684774837580127 9.652743799791474e-05 0.00013687773733794817 0.9999999859734691,0.07917069996856796 -0.25999622474324724 0.19740143425656242,5
2,785,5,1,0.9999999851995487 0.00013946219083610378 -0.0001007531657545302 -0.0001394621312442168 0.9999999902749779 5.984867202935007e-07 0.00010075324824126985 -5.844354602491109e-07 0.999999994924221,-0.06282325002128175 -0.15337725815934178 0.3892151846134766,5
2,788,5,1,0.9999999962516904 4.3700143241447165e-05 -7.474568110410473e-05 -4.370040444886397e-05 0.9999999990390368 -3.4929859988319656e-06 7.474552838840354e-05 3.4962524021464603e-06 0.9999999972004412,0.035043374249497106 -0.1019221402106325 0.42987177003578836,5
2,791,5,1,0.9999999641926829 0.0001602864043904889 -0.0002142962976039997 -0.00016030217167771477 0.9999999844459321 -7.356188888024695e-05 0.00021428450330066018 7.359623840846874e-05 0.9999999743328729,0.15621912052816356 -0.05899219688929236 0.455145409663146,5
2,794,5,1,0.9999999976105057 6.254578111603015e-05 2.9445099503366823e-05 -6.25505821306993e-05 0.999999984746654 0.00016307702656276346 -2.943489927392795e-05 -0.00016307886798083704 0.9999999862694348,-0.17230571797406924 -0.3675564207512849 0.35281104710270483,5
2,801,5,1,0.9999999649770566 7.275521964156956e-05 -0.00025446525320205193 -7.273847120180948e-05 0.9999999951879732 6.58268138519491e-05 0.00025447004122208794 -6.580830213295807e-05 0.9999999654571323,0.17373655248741215 -0.14447495791762321 0.4940709031220649,5
2,803,5,1,0.9999999851276171 7.380945086102363e-05 -0.0001558747287565554 -7.381892098406897e-05 0.9999999954301124 -6.0749828164445574e-05 0.00015587024413280318 6.076133376526488e-05 0.9999999860062636,0.19736312459814087 0.08882187536789843 0.46946174107119987,5
2,804,5,1,0.9999999728126971 1.9519694161251877e-05 -0.0002323652001808979 -1.9518218779499344e-05 0.9999999997893476 6.35167871361475e-06 0.00023236532411473332 -6.34714318598073e-06 0.9999999729830342,0.34931505441685573 -0.02169728313735675 0.43543481294977937,5
2,808,5,1,0.9999999752471296 0.00010905132747493496 -0.00019394212539564082 -0.00010904669057458516 0.9999999937683481 2.3919094215091308e-05 0.00019394473259626288 -2.389794487611674e-05 0.9999999809071645,-0.034664527154291136 -0.09711405335440304 0.4328802750385421,5
2,809,5,1,0.9999999991181044 -2.2829762490461647e-05 -3.5250448648938004e-05 2.283399036615008e-05 0.9999999925462058 0.00011994247736552 3.5247710127389587e-05 -0.00011994328216835548 0.9999999921856042,0.15733037306614506 -0.41056777403957767 0.2920643819443285,5
2,819,5,1,0.9999999828555493 0.00014968137977217988 0.00010901553197629576 -0.00014967761980316883 0.9999999882032644 -3.449755775786212e-05 -0.00010902069433218835 3.4481239981287715e-05 0.9999999934627664,-0.07498129142796017 -0.3960435051116207 0.19089362334636917,5
2,821,5,1,0.9999999914426831 8.41907449234435e-05 -0.00010013267266109984 -8.418289922618519e-05 0.9999999933868942 7.835465168837263e-05 0.0001001392687359769 -7.834622155972193e-05 0.9999999919169984,0.13506100378707941 -0.382294230903824 0.31342299511948113,5
2,828,5,1,0.9999999786796852 0.00020638371597969662 -6.811205094492401e-06 -0.0002063817384543032 0.9999999369228986 0.00028906881164381115 6.870863760388701e-06 -0.00028906739977235807 0.9999999581964141,0.18603056099291848 -0.5456132934235995 0.3306379782802651,5
2,837,5,1,0.9999999991114834 2.600072678515808e-05 -3.318125606732725e-05 -2.60022303048002e-05 0.9999999986353214 -4.531269745339239e-05 3.3180077859074064e-05 4.531356019926713e-05 0.9999999984228818,-0.18827459879989306 -0.2065304784959494 0.3296087121132132,5
2,840,5,1,0.9999999687231897 0.0001727356751774628 -0.00018087566512320352 -0.0001727301964343647 0.9999999846229342 3.0305286026321987e-05 0.00018088089714632383 -3.0274042389311084e-05 0.9999999831827919,0.1487175010318822 -0.24711453693549856 0.3903458620577567,5
2,844,5,1,0.9999999557784592 0.00028884770197418197 -7.078195623327899e-05 -0.000288843654541876 0.9999999566495945 5.718524445502693e-05 7.079847099195069e-05 -5.716479700718091e-05 0.9999999958598815,-0.07595534646689117 -0.27312306802053854 0.32056582099846764,5
2,850,5,1,0.9999999376207958 0.0002980916911739101 -0.00018947228883531286 -0.00029810413806178465 0.9999999534108467 -6.566754679887543e-05 0.0001894527050577688 6.572402517582288e-05 0.9999999798940128,0.15989907657819913 -0.0639821968411809 0.4823332079820375,5
2,856,5,1,0.9999999911457401 0.00013187526492317025 1.7816683976656922e-05 -0.0001318755764603552 0.9999999911515421 1.748565966919191e-05 -1.7814377892944044e-05 -1.7488009099564383e-05 0.9999999996884086,0.18448215296351833 -0.1969472785122548 0.3702344990238089,5
2,867,5,1,0.9999999639633556 0.00026144993119947557 -6.096902017671546e-05 -0.00026144857090976137 0.9999999655732742 2.2318067352311566e-05 6.0974853134831974e-05 -2.2302126284956536e-05 0.9999999978923415,-0.12344546231031472 -0.22855945141375145 0.4032503828998415,5
2,871,5,1,0.9999999837528311 0.00017913136284190834 2.0156689588324284e-05 -0.0001791315254037612 0.9999999839234388 8.063384932088802e-06 -2.0155244859210164e-05 -8.066995499655949e-06 0.9999999997643448,-0.12870746669665323 -0.18479540950094986 0.38555929286076207,5
2,877,5,1,0.999999963641156 7.482254947632078e-05 -0.00025907387656803893 -7.482056541283089e-05 0.9999999971715433 7.667977086844857e-06 0.00025907444957268266 -7.648592754039285e-06 0.9999999664109639,0.5248246347523633 -0.009485917029230961 0.4355570312523014,5
2,883,5,1,0.9999999940322313 8.36566640567294e-05 -7.02644978429201e-05 -8.364749743473149e-05 0.9999999879927366 0.00013045161165607666 7.027541014587024e-05 -0.00013044573342808896 0.9999999890226388,0.15304556671398473 -0.17387496183143725 0.4500599100315412,5
2,886,5,1,0.9980026439812486 0.02913912148054676 0.05605028283407226 -0.029780490798440917 0.9994998147703054 0.01064155260897831 -0.055712161816263955 -0.01228950257201572 0.998371235138659,-62.32331246820624 -34.60935964811141 -9.369271117908966,5
2,894,5,1,0.999999967392405 0.00024104878516667538 -8.432479470832366e-05 -0.00024104283175452323 0.9999999684567124 7.060401455327714e-05 8.434181106026228e-05 -7.058368636353451e-05 0.9999999939522002,-0.15649346728937985 -0.3179664882395201 0.2931698160499536,5
2,902,5,1,0.9999999770096661 -7.959350191857895e-05 -0.00019911188473042962 7.957222896184946e-05 0.9999999911262194 -0.00010684485118411802 0.00019912038711877855 0.00010682900495107006 0.9999999744693173,-0.03430791625589791 -0.011719016720491027 0.4074424948595379,5
2,903,5,1,0.9999999959444342 8.542430057087826e-05 2.8527535546718497e-05 -8.542415756932755e-05 0.9999999963387866 -5.013926242089864e-06 -2.8527963753632868e-05 5.011489281024628e-06 0.9999999995805202,-0.1760562419508176 0.01571947556924158 0.4010633469019922,5
2,904,5,1,0.9999999306808338 5.717137628154234e-05 -0.00036792629818127587 -5.7261208564016175e-05 0.9999999685553644 -0.0002441524601981826 0.00036791232807992236 0.0002441735111782528 0.9999999025099026,0.267237803689536 0.24675280043054215 0.46661846994527423,5
2,907,5,1,0.9999999631212825 0.00015675868304204643 -0.00022177499540076973 -0.00015674648539804048 0.9999999862018668 5.501640107841155e-05 0.00022178361663893753 -5.498163659845012e-05 0.9999999738945229,0.43744910281804295 -0.26413606525861155 0.28418080204926355,5
2,909,5,1,0.9999999896023011 8.822310345835138e-05 -0.00011407051079898034 -8.821816950060901e-05 0.9999999951731551 4.325788046266599e-05 0.0001140743265933275 -4.3247816921443416e-05 0.9999999925583369,0.40135211016868766 -0.1613503814630377 0.3014136868200694,5
2,918,5,1,0.9999999786483814 0.00019818760470854957 5.852273835307148e-05 -0.00019818667198107792 0.9999999802339286 -1.5943228368509033e-05 -5.85258969460975e-05 1.593162960122907e-05 0.9999999981604517,-0.02972622001664149 -0.3404066180329153 0.2827914867425534,5
2,925,5,1,0.9999999810239458 0.00018473765535857029 -6.18393673754436e-05 -0.00018473214775006214 0.9999999789714411 8.905701196393334e-05 6.18558182587381e-05 -8.904558655475903e-05 0.9999999941223711,0.01895752022664965 -0.23713147175735116 0.4226974751675243,5
2,934,5,1,0.999999978187736 0.00020843957775659727 -1.332183208839488e-05 -0.0002084390580551869 0.999999977516048 3.9000819027579237e-05 1.3329961102793997e-05 -3.899804138629559e-05 0.9999999991507331,0.08334469121916754 -0.25269938032406003 0.3720341048363025,5
2,942,5,1,0.9999999673991605 0.00024150005092965499 8.294216451115721e-05 -0.00024150239119236083 0.9999999704404868 2.8206738546421306e-05 -8.293535013084719e-05 -2.8226768358063925e-05 0.9999999961624882,-0.13506968774240136 -0.34040372196628255 0.3043910019773648,5
2,952,5,1,0.9999999911039988 0.00011507582881520317 6.745039202746272e-05 -0.00011508618750635108 0.9999999815824563 0.00015359119810690047 -6.743271615064494e-05 -0.00015359895934916046 0.9999999859300948,0.04037069586905773 -0.21027588177881285 0.4005123167127067,5
2,956,5,1,0.9999999783883431 8.254586265557529e-05 -0.0001908127158078976 -8.254235662485954e-05 0.9999999964244299 1.8381999517966263e-05 0.00019081423248396012 -1.8366248989765133e-05 0.9999999816263043,0.37169092758715294 -0.046797857370904694 0.4233092911335916,5
2,961,5,1,0.9999999623345868 0.0002743593617707263 7.600360320381139e-06 -0.0002743592179182963 0.9999999621844944 -1.8921666316062957e-05 -7.605551368972119e-06 1.891958037442132e-05 0.9999999997921023,-0.29891375668194087 -0.2963849439873911 0.1853700926054671,5
2,968,5,1,0.999999945676808 0.00011321140481404535 -0.00030956349608579625 -0.00011317966985455175 0.9999999883388998 0.00010253078310087926 0.00030957510013002176 -0.00010249574123689237 0.9999999468289383,-0.12291407029471202 -0.12956230720349282 0.34857944244572536,5
2,969,5,1,0.999999911985191 0.0003296503049776689 -0.0002595386041882586 -0.0003296280488074288 0.9999999419926308 8.579093884567013e-05 0.00025956687014305757 -8.570538009119999e-05 0.9999999626398135,-0.1139348643426672 -0.24288069219217334 0.3328406644974393,5
2,972,5,1,0.9999999856651217 0.0001687074828525259 1.4406321701354585e-05 -0.0001687096044389047 0.9999999749060787 0.00014739372846467313 -1.4381454915002312e-05 -0.00014739615683651008 0.9999999890337734,0.18693483987096782 -0.36414945953734446 0.30584373090061945,5
2,982,5,1,0.999999994138413 -2.9826489458872896e-05 0.00010408436679984479 2.9817023613987192e-05 0.9999999954200374 9.094432924394713e-05 -0.00010408707887325785 -9.094122522507186e-05 0.9999999904477874,0.06226269437942733 -0.44544263700436204 0.16633953117730016,5
2,984,5,1,0.9999999529230832 0.0003009179071923329 6.001869961428513e-05 -0.0003009280275963755 0.9999999404941554 0.00016868315700635517 -5.996793625999419e-05 -0.00016870121037410035 0.9999999839718737,0.128599855391343 -0.575852528608209 0.09858406614375781,5
2,991,5,1,0.999999986895653 0.0001417785371830224 -7.815076067707594e-05 -0.0001417942222649085 0.9999999698001519 -0.00020073388678382154 7.81222985600516e-05 0.00020074496547972664 0.9999999767991823,0.1829134502374501 0.04071644031162691 0.4436227654940694,5
2,1001,5,1,0.9999997066715228 8.905398773742523e-05 -0.0007607405978274362 -8.924768949516992e-05 0.999999963608765 -0.00025459245883671655 0.0007607178976696827 0.0002546602784983254 0.9999996782281599,0.28366545406578325 0.07207399463445086 0.5319547666126709,5
2,1012,5,1,0.9999997842499363 0.00029673717551764733 -0.0005860436244528311 -0.0002968108661132174 0.9999999480564936 -0.00012565953986200858 0.0005860063061546433 0.00012583345686727112 0.999999820381259,0.6503049694919412 0.03076412371533621 0.1460178673585233,5
2,1038,5,1,0.9999999134553667 0.00037373755973318934 0.0001827826464901039 -0.0003737542424046836 0.9999999259910644 9.124490370599272e-05 -0.00018274853131494684 -9.131321159872377e-05 0.9999999791324354,-0.08705022502253712 -0.1313133786384526 0.0496984393778348,5
2,1050,5,1,0.9999999538034662 0.0002793109384765513 -0.00011991024063098821 -0.00027929641448165565 0.9999999536612982 0.00012112355666241137 0.00011994406620899345 -0.00012109006056643112 0.9999999854753097,0.07118282256121233 -0.15499121682029227 0.059895638733678425,5
2,1057,5,1,0.9999998860196362 6.963050974996207e-05 0.0004723476546386607 -6.958222709828668e-05 0.9999999923532485 -0.00010223412738441517 -0.0004723547696409147 0.0001022012487299287 0.999999883217931,-0.3953991797716867 0.10311841707324731 -0.055810514443464854,5
2,1061,5,1,0.9993128249514637 0.01614831964869721 0.033363298099113724 -0.010906003788903641 0.9883632666339486 -0.15172050701875206 -0.035425089539523724 0.1512523882164981 0.9878602016935005,-144.26362718840298 175.4406449697936 38.73163922483943,5
2,1069,5,1,0.9999999848312431 4.4113221600012784e-05 -0.00016849788744499605 -4.4097783023475806e-05 0.9999999948299059 9.162736508473365e-05 0.00016850192855261126 -9.161993331164436e-05 0.9999999816064435,0.2844166037406808 -0.03536983070064981 0.0953788404901843,5
2,1071,5,1,0.9999999491404898 0.00012644947356890354 -0.0002927960867010748 -0.00012630094324021963 0.9999998633750653 0.0005072454264123151 0.000292860187615096 -0.0005072084201920568 0.9999998284862495,0.36402748784031225 -0.4718439808981856 -0.05087079425106822,5
2,1087,5,1,0.9834105196674446 -0.14112111720214043 0.113967451875648 0.13853299121407384 0.989892393738295 0.03035883997043915 -0.11709978715902886 -0.01406695058245086 0.9930205238305106,-178.51698427014287 26.31474929521126 -72.93199368210958,5
2,1098,5,1,0.9887335608429517 0.08672758603661097 0.12200111263049984 -0.11017131796822639 0.9733974768014746 0.20089707029637743 -0.10133225725286941 -0.21207469904914605 0.971985645811322,-250.0068947634805 -99.21512607571381 -108.59427645760444,5
2,1099,5,1,0.9999996835175446 0.0006627643981994003 0.0004401228950028438 -0.000662813404523066 0.999999774155295 0.00011121038452848592 -0.00044004908931986886 -0.00011150206868661833 0.9999998969620384,-0.35087934249111186 -0.1743934951941526 -0.12632916370819203,5
2,1103,5,1,0.9999999420733873 -0.00033080791435077805 8.012082539671228e-05 0.00033078280102623314 0.9999998962273792 0.0003132538433337634 -8.022444393329664e-05 -0.0003132273225969068 0.9999999477263406,-0.12474752244210663 -0.30489556823967234 -0.013931612950386807,5
2,1107,5,1,0.9999999194242495 -0.0003995868658970836 -3.849455019205167e-05 0.0003995868570219052 0.9999999201651399 -2.3824571446229292e-07 3.849464231869826e-05 2.2286377895919252e-07 0.9999999992590557,0.05016963422434273 -0.027777039369382805 0.011467904813457608,5
2,1117,5,1,0.9999999106283886 -0.00018562189150161945 -0.0003798522446191721 0.00018547659563392105 0.9999999096438832 -0.0003825057618298544 0.00037992321174057375 0.00038243527394415944 0.9999998547007967,0.3358718401775036 0.3702479307655082 -0.01835343088555419,5
2,1123,5,1,0.9999994294140884 -0.00032355713651572053 -0.0010180777364449008 0.0003242021676751355 0.999999746800345 0.0006334762815433381 0.0010178725128962736 -0.0006338059830996029 0.9999992811125034,0.9244414782546926 -0.4120930366293756 0.13194790583361282,5
2,1131,5,1,0.9609612481921193 0.26002778504058843 0.09454644615176966 -0.25619778521477554 0.9652872487922688 -0.0508254087056451 -0.10448049733843985 0.024618658085639015 0.9942221820850592,-306.88046782035923 150.92556274591342 -38.25397393769278,5
2,1144,5,1,0.999999971890553 0.00015343352629346163 -0.00018076794036632482 -0.00015342831679820979 0.9999999878142287 2.8832204138407036e-05 0.0001807723619902668 -2.880446840697326e-05 0.9999999832458284,0.1042489423279136 -0.06382219363508312 -0.005244579530653937,5
2,1148,5,1,0.9999997386669349 -0.0002624184762177323 0.0006736487246389034 0.00026229681359712237 0.9999999492767517 0.0001806844609135161 -0.0006736961054102236 -0.0001805077177809422 0.9999997567752308,-0.6055611538165522 -0.06431551875208186 -0.12146989464588387,5
2,1151,5,1,0.9999999896914789 0.00013283829754373588 -5.450714124138889e-05 -0.00013284482712555556 0.9999999839992662 -0.00011980701330913113 5.4491225409181165e-05 0.00011981425306570315 0.9999999913376258,0.11530871769343776 0.11170291333013438 -0.03793286426900977,5
2,1157,5,1,0.9999997259728609 -0.0005893708801036346 0.0004479912595358182 0.0005893211189971215 0.9999998201675779 0.00011119995687941531 -0.00044805671698922023 -0.00011093591569821815 0.9999998934691947,-0.38296292702032986 -0.044862955140047234 -0.04933222635281709,5
2,1168,5,1,0.9999999257448612 -0.00038531548231857116 6.500156076227892e-06 0.00038531693751531204 0.9999999003684046 -0.00022537532998312404 -6.41331482459373e-06 0.0002253778178683552 0.9999999745818542,0.0546199904134852 0.14917012220550419 0.02156807795017812,5
2,1169,5,1,0.9999994065356782 -0.0010840297780377872 0.00010866339185902629 0.0010840313180552896 0.9999994123382695 -1.4114472039250536e-05 -0.0001086480274938087 1.4232258182644841e-05 0.9999999939965248,-0.19412492336604714 0.11374221991319189 -0.06713331349078544,5
2,1176,5,1,0.9999998471324119 0.0004966173778467864 -0.00024311794183384805 -0.0004966664607837235 0.9999998562853176 -0.00020187067946407858 0.00024301765440665896 0.00020199139713249908 0.9999999500709468,0.19304701629344834 0.1832383303985523 -0.013443256362165812,5
2,1180,5,1,0.9999999292869969 0.0003496101758160841 -0.00013855946858776225 -0.0003496202769893153 0.9999999362268024 -7.28838354739636e-05 0.00013853397882089558 7.293227351994058e-05 0.999999987744611,0.22789120010881447 -0.06354491279404328 0.040818267393888163,5
2,1199,5,1,0.9999996660012227 0.000783879780040353 0.00023136536967534316 -0.0007839429106399898 0.9999996554804175 0.0002728966108467151 -0.00023115137183017664 -0.0002730778969409209 0.9999999359987508,-0.1493873805060275 -0.20778694212131654 -0.011502418878535536,5
2,1212,5,1,0.999999881144017 0.00048629790910326154 3.501849743735297e-05 -0.00048629683243872623 0.9999998812849826 -3.074754169013483e-05 -3.503344574527778e-05 3.073050865155802e-05 0.9999999989141468,0.05667855628379925 0.028809954004799465 0.03253258611925958,5
2,3,6,1,0.9999997767299743 0.00012434032015877505 0.00065656643700477 -0.00012428890999691133 0.9999999892074178 -7.834175941723309e-05 -0.0006565761709582466 7.826013799883125e-05 0.9999997813915169,-0.700301264948763 0.1395065990266744 -0.050856668060077936,5
2,8,6,1,0.9999999694980641 3.567227318680699e-05 0.0002444000020371956 -3.577368458680674e-05 0.999999913269009 0.0004149484533730874 -0.00024438517868534404 -0.0004149571838052424 0.9999998840432036,-0.26507929263095775 -0.473436421795725 -0.1117453100819148,5
2,17,6,1,0.9999961625724905 0.002463246062851976 0.0012677772389864464 -0.002462453005622589 0.999996771761775 -0.0006267305836509043 -0.0012693169379420638 0.0006236063367454012 0.9999989999743245,-1.4177924834064584 0.9890792763558807 0.14462706506083123,5
2,27,6,1,0.9934523426150538 0.0813290404876609 0.08023733623457649 -0.093137341595536 0.9832734201838571 0.15652097865927936 -0.06616553901526592 -0.16296922511105683 0.9844100533383042,-218.6713381892452 -209.8133073215247 108.9488127959822,5
2,36,6,1,0.9977489132727544 -0.05649331655871839 -0.036133242965925405 0.058624249645070126 0.9964195689741389 0.06091994680681373 0.032562300542048006 -0.06290109497925345 0.9974884204008692,23.03918321485314 -78.49442833382037 -21.689063780828747,5
2,38,6,1,0.9999988803543844 -0.0010423855851686148 -0.0010736490439137991 0.0010429532230633587 0.9999993165865263 0.0005282755479445456 0.0010730976433513117 -0.0005293947221937656 0.9999992841010815,1.1322859456413212 -0.5869674387167549 -0.10876587449729413,5
2,39,6,1,0.9999990045814009 -0.0011391466553303392 0.0008325749858156383 0.0011409781575921207 0.9999969232459339 -0.002202650110754434 -0.0008300632826798802 0.0022035978680690627 0.9999972275718487,-1.0619986436997948 2.496282999711582 0.25310518386072545,5
2,41,6,1,0.9999986880955993 -0.0015061871004642957 0.0005959928688295535 0.0015068686881088977 0.9999982093590954 -0.0011448254713406214 -0.0005942674802633663 0.001145722052431325 0.9999991670832236,-1.0176494125024789 1.2441613340655522 0.28725940414574325,5
2,47,6,1,0.9856995719033024 -0.1411164665916772 0.09210047126006365 0.1307198085911277 0.9852355656370958 0.11055863532827115 -0.10634230386607552 -0.09693824353902217 0.9895929927743145,-261.33189344788855 -57.184702194564174 71.64922859939608,5
2,58,6,1,0.9999998791034489 -0.0004783455688263244 -0.00011392368297497013 0.0004783740575733386 0.9999998542858873 0.0002501728707004214 0.00011380399729016277 -0.000250227338589995 0.9999999622174645,0.12558385048513543 -0.2756760314453004 -0.032007457583404175,5
2,61,6,1,0.9999996549180039 -0.0005910330953809995 0.0005838182531124891 0.0005912425610552774 0.9999997608910087 -0.0003586783512991576 -0.0005836061227407208 0.00035902340572474545 0.9999997652530168,-0.8236408735054539 0.2535951484103691 0.03930811280929447,5
2,62,6,1,0.9999999734298196 0.00020755227881258387 0.00010031157405721025 -0.00020746344442393316 0.9999995870569698 -0.0008847851769408499 -0.00010049517181401346 0.0008847643424473306 0.9999996035463107,-0.06371723721841249 1.022241029312653 0.07680124115404396,5
2,64,6,1,0.9999999695395507 8.158183645853856e-05 -0.00023294914037474967 -8.166106277093799e-05 0.9999999388276222 -0.0003401120742506092 0.00023292137915720268 0.00034013108676500536 0.999999915029234,0.2674240137478989 0.389194077064289 0.08149637672636345,5
2,65,6,1,0.999999067805647 -0.0013278139392699922 -0.00031827343516677153 0.0013281052015186728 0.9999986979214492 0.0009166744132377835 0.0003170558476863483 -0.0009170962593237908 0.9999995292049094,0.47804363263328753 -1.3438773704050249 -0.05957712634835843,5
2,69,6,1,0.9544085741186209 -0.1843269923695289 -0.23479317181908163 0.13200261063706586 0.9660996464169156 -0.22187109766283217 0.26773043240143635 0.1807623663186413 0.9463854301969284,285.11957292257785 371.70882316096515 77.37752392173212,5
2,72,6,1,0.9999944925793783 -0.003318842718813386 9.691222111751774e-06 0.0033188537052546985 0.9999933076659702 -0.001539426307339109 -4.58204346370783e-06 0.0015394499928189087 0.99999881503566,0.05488942027277233 1.995744144583547 -0.14743707759339486,5
2,79,6,1,0.9928844986836058 -0.07945165173287111 -0.08870066127556969 0.10182407151099865 0.9526685028781969 0.2864517098652718 0.06174326469120239 -0.29344532482343866 0.9539798795595946,136.65545719716624 -417.82130027421834 15.117425641623413,5
2,89,6,1,0.9297822810066998 -0.1763398528848882 0.32312407247142094 0.09038981320857295 0.9602870440492012 0.2639668060559264 -0.35683972816111653 -0.21622453449084617 0.9087972046007393,-550.1173130901586 -431.89229629940894 22.311691415442063,5
2,96,6,1,0.9999974698853878 0.0021051967009527994 0.0007926977190977902 -0.0021048938362959874 0.999997711475293 -0.0003827089157986546 -0.0007935015825361602 0.0003810394029582012 0.9999996125820309,-1.1867295222598386 0.9764588311612954 0.21665977488623867,5
2,97,6,1,0.9940247521813165 0.10592194059069795 0.026369197036911707 -0.1072049908277412 0.9018950888503297 0.41844036450763034 0.02053976612560965 -0.4187669891588341 0.9078614028574781,81.2770149079133 -462.16939018668415 37.650807468118614,5
2,102,6,1,0.9999996364722582 0.00010651393646010643 0.0008459965321367391 -0.0001053895578370101 0.999999111336797 -0.0013289915941721575 -0.0008461373364568869 0.001328901951846262 0.9999987590348349,-0.797432464873566 1.4474040503065169 0.5833543758410542,5
2,107,6,1,0.9999999785776588 -5.960359359463707e-05 0.00019822233270622158 5.964484263215608e-05 0.9999999765693975 -0.0002080954035745819 -0.00019820992482766364 0.00020810722205666377 0.999999958702104,-0.2589403580663543 0.23526516864771452 0.21998639150979216,5
2,110,6,1,0.6681418240995431 0.715194901500625 0.20514081933258554 -0.7151182255874596 0.6934019530628517 -0.08831565501803425 -0.20540795096971376 -0.08769255587638028 0.9747397546639268,-39.437561152826234 534.8516278506547 102.19164406531623,5
2,115,6,1,0.884948457894602 0.18376097355902948 0.42789967453435257 -0.3450391054586427 0.8758241712985074 0.3374611632078325 -0.31275268595851624 -0.4462778569074671 0.838463971712448,-386.9016866955599 -163.92636027972415 253.03978823083688,5
2,119,6,1,0.9591612533572828 0.1178893029460006 -0.25712215444996744 -0.13778807358898257 0.9885979579027884 -0.060733223256083775 0.24703063946547935 0.0936813208774425 0.9644685963181667,381.6943765604194 130.00341579661767 -107.15832143442998,5
2,124,6,1,0.9999999543798548 0.00018689716406727896 -0.00023729673043851925 -0.00018703040795704784 0.9999998248071773 -0.0005616095098072427 0.00023719172564103021 0.0005616538658907572 0.9999998141424935,0.2091108909500008 0.6508590628627076 0.08923004134567236,5
2,126,6,1,0.8952508833166467 0.42598523152241163 -0.1306232691581541 -0.36694729370462154 0.871189179456971 0.32615808627097637 0.25273610656892764 -0.2440614597225237 0.9362470103100422,366.6495505768929 -225.84644494359912 -125.42309489415337,5
2,136,6,1,0.9999950986423272 -0.0007564507131714859 0.0030381694555303707 0.0007588144601402003 0.9999994102826448 -0.0007769394939581287 -0.003037579947435587 0.0007792410928151305 0.9999950829336026,-3.776130790405219 1.0082988089617686 0.19477303749158636,5
2,153,6,1,0.9689135791943199 -0.21026538599541197 0.13036465588898577 0.23023657338289039 0.9591984240993133 -0.16410211297329463 -0.09054057835997262 0.18901547729642498 0.9777911602242306,-73.07410074157724 55.97919586126084 2.0452947713530314,5
2,156,6,1,0.9999993722278567 0.0003939758096187518 0.00104896470559937 -0.00039338868636773494 0.9999997658985786 -0.0005598643845849682 -0.0010491850330593133 0.0005594513822703429 0.9999992931122086,-1.2495750100584928 0.7742897331344949 0.21267442908515477,5
2,162,6,1,0.9919995079345726 0.04675366559331606 0.11726496071356757 -0.04750122507624699 0.998864739896917 0.0035867822516839343 -0.11696413926422836 -0.009128315521151564 0.9930941868634235,-149.74666242394287 -21.930331260823777 -4.5679415365018485,5
2,166,6,1,0.9930994070389391 -0.07813888323873017 0.08745217358712234 0.0895553648869755 0.9867461679054533 -0.13532123537665092 -0.0757192469512789 0.14221924992808244 0.9869347904451564,-110.39067956037248 173.9579147086982 38.70908799523272,5
2,175,6,1,0.9999992870836198 -0.0011169730433181896 -0.00042214153210518024 0.0011168517209843576 0.9999993349859174 -0.0002875238359232868 0.0004224624077491801 0.00028705216144602613 0.9999998695632769,0.1722898774722097 0.4167458683696168 0.11579618379550993,5
2,176,6,1,0.9863011929254493 -0.10092074529748724 -0.13047973023591325 0.1283212062610113 0.966458087686438 0.22246894787631236 0.10365145854041763 -0.23616470505576026 0.9661690365709149,121.91624742605826 -254.31010126819353 -27.1559889059115,5
2,203,6,1,0.9999999735752026 0.00014285464733598818 -0.0001801170291574894 -0.00014275127224616657 0.9999998251790831 0.0005738151951828474 0.00018019896983667572 -0.0005737894680838407 0.9999998191469721,0.2067938491954351 -0.48463404482572514 -0.2763676811098321,5
2,207,6,1,0.9999999505930952 -0.0001048639876340407 -0.0002963399264895583 0.00010545027537123275 0.9999980360055544 0.0019791071910998936 0.00029613180740747924 -0.001979138342445508 0.9999979976566818,0.1969492379699318 -1.8970992993374693 -0.6314886036508369,5
2,217,6,1,0.998133971828635 0.032094802208161716 -0.051947068760535675 -0.03154592845891099 0.9994378366112333 0.011351878589999975 0.05228220231836195 -0.009691977149983155 0.9985853177869504,64.88725128112287 -8.001675813543669 -19.33251293698845,5
2,219,6,1,0.9999622032317992 0.008417749715014522 0.00217568323573597 -0.008422279456538895 0.9999623660388937 0.002081277168900747 -0.0021580816858621787 -0.00209952271557029 0.9999954673336294,-2.4680363810913946 -0.2337737066167127 0.43124170949931795,5
2,221,6,1,0.9999995291480173 -0.0009077447625996382 -0.00034307898395488645 0.0009076860235370243 0.9999995733762352 -0.00017132842635719792 0.0003432343600710541 0.00017101693768825643 0.9999999264716878,0.536551277787936 0.02491511825351367 0.04384201941070387,5
2,224,6,1,0.999650558473689 0.003934357185323756 -0.026139659079246813 -0.004851655927208376 0.9993712556553189 -0.03512199887072889 0.02598504142780894 0.03523654641774352 0.9990411219857489,68.85306985707635 39.59288849223235 8.153961721255655,5
2,243,6,1,0.8340151124090849 0.5513777361618581 0.020034578565262542 -0.5402368764526801 0.8234625327629022 -0.17335966790565666 -0.11208438603978078 0.13376116477039468 0.9846547827565523,79.47070484334557 138.92431419222032 154.28089543791896,5
2,248,6,1,0.926697475145556 -0.22326876353429692 0.3022959622434906 0.07379991962234192 0.8968422205880686 0.43615089502877 -0.36849065310070905 -0.3818705154899072 0.8475786382259088,-389.9305034680409 -618.5124007042916 -32.911649631401104,5
2,249,6,1,0.9999999239336228 0.00016662906107942077 0.0003526577708584666 -0.00016664779104012817 0.9999999847053992 5.308215088570961e-05 -0.00035264892043501694 -5.3140916486373035e-05 0.9999999364073888,-0.38491598138668337 -0.15610540234237646 -0.06805891746967063,5
2,254,6,1,0.9999999273204844 -4.81863209190192e-05 0.00037820246349117015 4.770998854963793e-05 0.9999992058527215 0.001259371939540288 -0.0003782628476429947 -0.0012593538039745583 0.9999991354722331,-0.41204349218398306 -1.253762744392759 -0.37411126478843926,5
2,258,6,1,0.9999995822114112 -0.0005968182847238858 -0.0006923762981088655 0.0005968951120733784 0.9999998157241503 0.00011076051081562906 0.0006923100666225701 -0.0001111737405690167 0.9999997541735552,0.6420392056747346 -0.22439941385290751 -0.2813063681364838,5
2,263,6,1,0.9821358042467319 0.11058179394529496 -0.1522528451769179 -0.13018329350451574 0.9835234000724664 -0.12543536822687934 0.13587336791639182 0.14301534308505548 0.9803494476630878,166.1951500725801 152.99302817392328 10.872990328402466,5
2,266,6,1,0.9596981278457789 -0.10083325490335493 0.26232071613752067 0.08403924270171766 0.9936735263083445 0.07450052885759852 -0.26817328184483313 -0.049452783738988315 0.9621005732692585,-249.3528831652112 -182.32657155002636 47.93077602845521,5
2,268,6,1,0.9294400998546604 0.013504619260415292 -0.3687258141774078 0.02695882664072485 0.9941734743915468 0.10436629955305175 0.36798685091768696 -0.10694263918041892 0.9236606246218421,425.694156595402 -60.56076387714678 -62.32534346342908,5
2,277,6,1,0.9999980830119848 0.001579811504184292 0.0011567921019650096 -0.0015787746800348113 0.9999983517362651 -0.0008966578297039951 -0.0011582067456211709 0.0008948297967412144 0.9999989289178115,-0.7069940143763063 1.025600648631638 0.3035020403519866,5
2,283,6,1,0.9999997633057356 6.395970674218793e-05 0.0006850530113839438 -6.413039223154143e-05 0.9999999669088872 0.0002491375466031065 -0.0006850370539503332 -0.00024918142035229573 0.999999734316392,-0.8231471584259253 -0.0298867517073802 0.020851486200626823,5
2,307,6,1,0.9999995208589504 -0.0008598235127412522 -0.000467958755531476 0.0008594568665482452 0.9999993240133508 -0.0007831390275917505 0.0004686318005473816 0.0007827364619922839 0.9999995838538465,0.2597769412907951 0.9990053279462359 0.3174644036339487,5
2,310,6,1,0.9954818755169548 -0.010024970771301163 -0.09442105421080635 0.0010142195322600314 0.9954767677487842 -0.09499987490082432 0.09494633682236409 0.09447488996271182 0.9909892473132831,183.1520852125247 185.49781316407967 102.69534897572733,5
2,322,6,1,0.9999997540559442 -0.0006386900608291168 0.0002897637960140309 0.0006389049782050682 0.9999995204598722 -0.0007422132138593662 -0.0002892896128575684 0.0007423981628479903 0.9999996825781936,-0.3353022197264579 0.7887798259608729 -0.11648897161990135,5
2,326,6,1,0.9344695651924759 0.3213947193729282 -0.15320595970191328 -0.3402455924710347 0.9328577873809044 -0.1183608268256002 0.10487882785873345 0.16273224290841115 0.9810803476703516,103.32470268815965 -129.6850455375614 -96.32370857065808,5
2,338,6,1,0.980683455369442 -0.023290068067940768 0.1942100231554571 0.08104280447040502 0.952034282699054 -0.29506404119999297 -0.17802253848382277 0.30510374841206084 0.9355317624200078,-251.88331556115725 370.84392423723716 152.09526250217016,5
2,342,6,1,0.9923009862575987 0.07368480626871077 -0.09954547703105004 -0.08946564382264038 0.9822725741316637 -0.16473156553664633 0.08564257847354502 0.1723691951419875 0.9813023027174179,92.5154182925893 127.7915193162309 53.6847060365435,5
2,356,6,1,0.9208503153707699 -0.3056858021315617 0.24205554539554883 0.38703923225079073 0.7918733111567581 -0.47237410150891085 -0.0472792700903004 0.5286708327994043 0.8475091864793637,-294.64039095668267 398.6352755456335 195.40669933748092,5
2,362,6,1,0.9180609012195431 0.000642052230128377 0.3964388596251578 0.029465909418653354 0.99712214862526 -0.06985113387108584 -0.39534281558426393 0.07580902644064451 0.9153999397400184,-323.0337800973012 125.69018412675028 189.04728081254797,5
2,365,6,1,0.9999964449506494 0.002659248895841085 0.0001961666978678167 -0.002659942763937148 0.9999898883479431 0.0036260041867003934 -0.00018652226666844574 -0.0036265130882646157 0.9999934067843974,0.2769616053713051 -4.50160806143748 -0.7637497329501457,5
2,368,6,1,0.9999996467245924 0.0007798763362937833 0.00031359781642942286 -0.000780024994103401 0.9999995833489622 0.00047419712275401094 -0.00031322787065390933 -0.00047444156936676807 0.9999998383967359,-0.08652791491618927 -0.5505653955996763 -0.15887784925382675,5
2,387,6,1,0.9999998696837216 -0.000417669042220542 0.0002935730098449496 0.0004174311748605941 0.9999995849516906 0.0008098442203657852 -0.00029391113485807696 -0.0008097215683036674 0.9999996289835442,-0.4204108363266812 -0.8260649196195686 -0.25654652160517344,5
2,389,6,1,0.9999997505577007 0.00019099822128476607 0.0006800031000296358 -0.00019058866049376233 0.9999998004514624 -0.0006023063991086042 -0.0006801180037869226 0.0006021766479877844 0.9999995874113078,-0.5553613287893313 0.5936751901145669 0.2320879126791624,5
2,402,6,1,0.9999998879440106 -0.00012828826290248174 -0.00045569078126925233 0.0001287780990099907 0.9999994138263384 0.0010750642682204048 0.0004555525960278986 -0.0010751228307456784 0.9999993182911334,0.4666852189293138 -1.0854936121295395 -0.24038779479474215,5
2,415,6,1,0.9999995439954967 -0.00016364767095844446 0.000940865686394815 0.0001642681828139536 0.99999976905618 -0.0006594721765824929 -0.0009407575480219754 0.0006596264301567123 0.9999993399338868,-1.1594803201573995 0.7289793268432447 0.4096384619278979,5
2,417,6,1,0.9999986471569309 -6.689430288467357e-05 -0.0016435356585666194 6.989265620555019e-05 0.9999983334452309 0.0018243414642052924 0.0016434108814740722 -0.0018244538672305688 0.9999969852798363,1.8208538800041651 -2.023814284282224 -0.9373955091148218,5
2,425,6,1,0.972871732856476 -0.21633747553535673 0.08196760389219712 0.2085864663558925 0.9735074644215768 0.093674450991912 -0.10006136847955588 -0.07403589260934736 0.9922229634228069,-287.30628830603274 -240.95849949038745 -562.9343914965605,5
2,428,6,1,0.9999983257496745 -0.001192655799378134 -0.001387829237386562 0.0011934827013515281 0.9999991106982884 0.0005951484471029694 0.001387118195940451 -0.0005968038008629384 0.999998859863517,1.3354554603581619 -1.0130891601462508 -0.549194613588952,5
2,434,6,1,0.9975790809331682 -0.06285055824062374 -0.029762133884800035 0.06215425311467154 0.9977834470085036 -0.023770605705061537 0.031190160376185383 0.021863215789771795 0.999274323542358,7.408259238424364 -7.912598392535642 -7.998325467532595,5
2,435,6,1,0.7906168851039558 -0.3063699479005593 0.5301531816484054 0.2443391260164733 0.9517567024755165 0.18562750547922002 -0.5614475331551694 -0.017223075112775377 0.8273330847957402,-747.3313456786029 -362.7734367312566 397.4313257360973,5
2,438,6,1,0.9416716820499578 0.24336131018858495 0.23244293047648987 -0.28684490965645576 0.9416333181469441 0.1762007149808359 -0.17599557105047436 -0.23259829504722007 0.9565163836086371,-271.24551567544654 -317.4806891894272 25.15467225256586,5
2,442,6,1,0.9999998880047567 -0.0002888590514111833 0.00037490121617483885 0.0002888573716222087 0.9999999582704256 4.5347549305074786e-06 -0.00037490251043503786 -4.426461442719187e-06 0.9999999297142543,-0.43603540246914463 -0.08270324225213876 0.10915306780725587,5
2,446,6,1,0.8552631155687072 -0.2509244585260968 0.45338936827090925 -0.015334391630768877 0.8623029119845157 0.5061605915283602 -0.5179670448793274 -0.43985293462293784 0.7336481011510669,-565.0035440823876 -695.7122736280421 363.4588080669844,5
2,453,6,1,0.9971087478098717 0.061553025719471716 -0.04455749169114559 -0.05847911737631074 0.996018723137022 0.06728221155241895 0.04852151967855262 -0.06448199892431097 0.9967385484382592,-17.49811056253006 -76.47082550574905 -177.13597423397133,5
2,473,6,1,0.9999990839147955 0.0007313432344356746 0.0011389936978439957 -0.0007311534731631875 0.9999997187607894 -0.0001670118011227184 -0.0011391155204650144 0.0001661788689273358 0.9999993373999879,-1.3610819131549476 0.04450198114167847 0.0039334330706424225,5
2,474,6,1,0.9999993860870153 0.0011060247171580384 6.734179489481518e-05 -0.0011060303773207103 0.9999993848141537 8.407210480979033e-05 -6.724876764108156e-05 -8.414653526771232e-05 0.9999999941984815,0.1583416468384513 -0.0012909852118525578 -0.07146236855192001,5
2,476,6,1,0.999999210165123 0.0012367673074917263 0.00022377613224421056 -0.001236918492054817 0.9999990060313966 0.0006767339678805662 -0.00022293894737177716 -0.0006770102262089461 0.9999997459776576,0.09728687255150703 -0.67521595840401 -0.15595375353905183,5
2,477,6,1,0.9980842827811229 0.016203851272229564 -0.05970929298893585 -0.01919411274613536 0.9985721629006438 -0.049851996106661495 0.05881624351469384 0.05090256068094617 0.9969701995621246,84.64785192067598 60.285542587690486 22.75027714969906,5
2,480,6,1,0.9073502343842152 -0.40153674050240534 0.12443391093112022 0.3133466480175683 0.8433509199491606 0.43654679473918884 -0.28023103029297813 -0.3571098876362973 0.8910348465763432,-465.59168906349436 -537.7623441671819 -181.21893555336345,5
2,491,6,1,0.9749031299133724 0.18637430203227254 -0.12177235658020001 -0.2219151481054965 0.8573032634098866 -0.4645264056951729 0.0178200540523194 0.4798913773852824 0.8771469156217951,189.64610931661892 416.7319874375496 208.98736226023718,5
2,494,6,1,-0.21755712663814028 0.8886353011981367 -0.40372787631454515 0.9075816206022311 0.031990699434266044 -0.41865522461177224 -0.3591162744766423 -0.4574974279864341 -0.8134688714338202,365.9352754334326 634.9673881122533 2262.84667303471,5
2,499,6,1,0.9792079351320622 0.07185111492766735 -0.18970829464748049 -0.019768662758720742 0.9645200471944927 0.26326845335639393 0.20189358520551384 -0.25404427929710816 0.9458860842666404,266.3974254177301 -447.5969297174895 -113.22803570568499,5
2,501,6,1,0.9936378889561177 0.11209505807608997 -0.010883179027668968 -0.0974778953458041 0.9043989127855854 0.4154042205746161 0.056407495510639075 -0.41170050340893427 0.9095718168144,-141.45435495409623 -489.7332776888428 -854.5210047976257,5
2,503,6,1,0.9999931162926249 -0.002379222646846424 -0.0028472209192102887 0.0023869135598457367 0.9999935039854204 0.0027008573860661245 0.002840776482562604 -0.002707634864373809 0.999992299321558,4.029704063987364 -4.019912844639684 -0.11940327160618835,5
2,521,6,1,0.9999998817567002 0.000125372099526737 -0.0004698600029469351 -0.00012503412877768686 0.9999997335147777 0.0007192613158581995 0.00046995005303753293 -0.0007192024822742504 0.9999996309473005,0.5615068828914929 -0.7727291753434997 -0.21882431897097376,5
2,527,6,1,0.9999999221668667 0.0003162486329043035 0.00023590901320141855 -0.00031633182964135864 0.9999998877646958 0.00035271060297231704 -0.0002357974424783138 -0.000352785201049588 0.9999999099710803,-0.2596383987278532 -0.33708633132954446 0.004473757400091927,5
2,529,6,1,0.991298447680552 0.12510131539486694 -0.04095178277684425 -0.10916668890670517 0.9551457409934869 0.2752803071328373 0.07355284943001456 -0.2684143706072326 0.960491386735065,77.32640945280527 -385.78866205722903 10.471257208966563,5
2,532,6,1,0.9999999186150472 0.00036232080135945033 -0.00017746418780179019 -0.0003621112407832805 0.9999992388588155 0.0011794732892467241 0.000177891400433991 -0.0011794089314779987 0.9999992886743587,0.3077374420673067 -1.2410888526954977 -0.3675733170996409,5
2,535,6,1,0.9998151064610645 -0.009772741174870387 -0.016560387138555968 0.010124568080853455 0.9997219451474391 0.021296138424548264 0.016347660793704435 -0.02145986767317891 0.999636047802411,14.903082404481964 -23.41362252358863 5.975410439921006,5
2,540,6,1,0.931865927121419 -0.3353602531690665 0.13841746444910513 0.3415881586928752 0.9395612826824885 -0.023283597764265772 -0.12224329720254809 0.06897895822942597 0.9901002371531045,-189.34102535683704 -50.277104065037236 56.0215430825283,5
2,543,6,1,0.9190597807499095 0.2790865906804079 -0.2782800645219069 -0.35538635163516896 0.8921008615780535 -0.2790279445559874 0.1703809275692971 0.3553402984099635 0.9190775875009387,569.1024441299651 396.40670679261217 21.97576658474307,5
2,549,6,1,0.9575659242913507 -0.19890548181117254 -0.20857638874406487 0.2675972490669021 0.8823615107923151 0.38707864390085894 0.10704771332390256 -0.4264677872685891 0.8981458753979533,181.17713993566093 -631.197976388004 13.620457663595573,5
2,560,6,1,0.9999996510535321 0.0007190028357334233 0.0004253560107303489 -0.0007188528881730549 0.9999996794722651 -0.00035257040577948984 -0.0004256093735131583 0.0003522645143543002 0.9999998473831747,-0.37338245131275016 0.498287878971567 0.11306228659850603,5
2,563,6,1,0.9816288164167514 0.14345049525932144 0.12580469860106175 -0.161815530381187 0.9752694005774322 0.15055009274255687 -0.10109698762922537 -0.16814146337888436 0.9805650653501295,-110.60608610987383 -181.24860443597828 -25.358869827980925,5
2,571,6,1,0.9999980969091982 0.0006804562479887921 -0.0018284302768146188 -0.0006775034207995856 0.9999984662413322 0.0016150864058497028 0.0018295264680796425 -0.0016138445644263422 0.9999970241648852,2.0764967198426234 -1.6545813013970392 -0.5251468570779707,5
2,575,6,1,0.8978346962339836 0.43891673110243645 -0.035284010497415065 -0.43709273866834086 0.8786600482827541 -0.19211053421183527 -0.053317877319333906 0.18790588790694907 0.9807387935878037,75.24628708258993 210.4863255299315 31.171752258065126,5
2,589,6,1,0.9999995855605172 -4.0427710603863076e-05 0.0009095297658060775 4.007452612880824e-05 0.9999999237967869 0.0003883303395415538 -0.0009095453958034849 -0.0003882937296280642 0.9999995109774567,-0.9001020042385903 -0.30674401377234517 0.02943337074827923,5
2,603,6,1,0.9003347821399548 0.31365903269194095 0.30168740656473575 -0.3179798162026256 0.9474118403860684 -0.036050536528967954 -0.29712979749049806 -0.06347295413826468 0.9527250744764814,-153.84740701178444 24.75468983054685 107.04736774464297,5
2,607,6,1,0.9999992010072349 0.0005146872820930848 0.0011545916566040038 -0.0005137360812055292 0.999999528560078 -0.0008239871731106352 -0.0011550152080020137 0.0008233933593576048 0.9999989939811167,-1.0901587257470062 1.0494375372125546 0.12519764553348978,5
2,611,6,1,0.930174426342715 0.36468086684618395 -0.042230343762697645 -0.36700953305910233 0.9265215244891025 -0.08283638875595996 0.008918476424782634 0.09255122913664994 0.995667982192636,123.03132157982888 296.35137179744 -375.5296452802629,5
2,615,6,1,0.9999993096890171 -0.0009872177472320387 -0.0006371990348556962 0.0009870026758731776 0.9999994558743568 -0.0003377524371650231 0.000637532123338818 0.0003371232868586149 0.9999997399503069,0.2671565031112948 0.506924837061888 0.1564613947706448,5
2,625,6,1,0.9999760059318625 -0.006859261436284736 0.0009685520683715421 0.006861875285865543 0.9999727531644518 -0.002721689965420604 -0.0009498568953715814 0.0027282707445069887 0.9999958271466054,-2.1407937743305183 5.015909522643483 0.1755449793263324,5
2,642,6,1,0.999999927340643 0.00031807935376909624 0.00021010529280837686 -0.000318283295698496 0.9999994775910499 0.0009713461651216782 -0.00020979621788705383 -0.0009714129675488792 0.9999995061710749,-0.03743029094513872 -0.9900347029367822 -0.31274867474098755,5
2,648,6,1,0.9717596759315235 -0.23140697821511075 -0.046194617292599285 0.2355613229799803 0.9397411359411713 0.24778510959280242 -0.013928221328655326 -0.25166924296255777 0.9677130756568666,-119.49979786867891 -317.93023463441284 -331.56956203438153,5
2,649,6,1,0.9457499334506603 -0.20680264778239388 0.2505787865088831 0.09522814967055324 0.9138318874999711 0.394769402181278 -0.31062624307742515 -0.3494909816553668 0.8839498802834771,-401.7894866532853 -344.85598728210664 -115.39351342005148,5
2,650,6,1,0.8384880649950801 -0.3190993740527305 0.4417163731852871 0.17331982094121023 0.9246850139198345 0.33899537563362747 -0.5166217228589163 -0.20768537385004568 0.8306435944248615,-486.5373020086973 -248.6327573020461 -706.7987390388492,5
2,652,6,1,0.839107595618204 -0.5158833760970113 0.17251894169216958 0.43167130290065275 0.8244912042101855 0.36588815289934074 -0.3309959655764549 -0.23254805190925149 0.9145288810777497,-184.64141893992527 -463.0551246501969 156.60297835312858,5
2,667,6,1,0.9999997765435357 0.0005251333292755067 0.0004137002108222376 -0.0005249278048248818 0.9999997388462505 -0.0004967476524904979 -0.00041396096153153983 0.0004965303787452802 0.9999997910469303,-0.3776780216865063 0.5849767023360215 0.10935181255877069,5
2,669,6,1,0.9999998509446386 -0.00017627694737162858 -0.0005167563617863857 0.00017667104401472566 0.9999996935464613 0.0007626888783329178 0.0005166217589574473 -0.0007627800605358726 0.9999995756341786,0.3626668829132029 -0.6212222718374107 -0.22643844866831842,5
2,679,6,1,0.8954878621908575 -0.15778076322059673 0.416181113730999 -0.02420835010691089 0.9164077929578887 0.399513094642908 -0.444427096894361 -0.36783418514811533 0.8168124434547216,-464.7630641846404 -430.33328781403793 -256.76762326137157,5
2,695,6,1,0.985568349211517 0.030240900332372193 0.16655484676097826 -0.09321830219635042 0.9182450287820021 0.3848849376797827 -0.14129889301801052 -0.39485637270307306 0.907812242574232,-153.3919217758979 -499.16001301505736 49.69150187858472,5
2,703,6,1,0.99999967911496 6.870935099895226e-05 0.0007981534959360936 -6.653903310016585e-05 0.9999963016198994 -0.0027188819543835785 -0.000798337356675588 0.0027188279735731458 0.9999959853078987,-1.0651459806833259 3.709464025736004 0.29204980999202235,5
2,708,6,1,0.9999999853761825 -0.0001683622147027053 3.0029977525332374e-05 0.00016836251382662537 0.9999999857774454 -9.958597400355762e-06 -3.002830044655791e-05 9.963653177041953e-06 0.9999999994995131,-0.12067722204977827 -0.0681329483915647 0.06198293427860335,5
2,711,6,1,0.9999999773230928 0.0001948745699085208 8.58936315950732e-05 -0.0001948768079978458 0.9999999806722419 2.6048926168795606e-05 -8.588855366153426e-05 -2.6065664254732845e-05 0.9999999959718687,-0.16369204796825443 7.116030717213562e-05 0.007008349919033208,5
2,727,6,1,0.9790460465208646 -0.1770386061299177 0.1006288762306402 0.14460426074286734 0.9523413738511199 0.26858055667968683 -0.14338216962675068 -0.2484013679329029 0.9579865937695512,-36.19590355300892 -364.1321404979782 238.54321136704513,5
2,736,6,1,0.9494210649725993 -0.07422110011766361 0.30510796397934564 0.07205546714632305 0.9972314557552548 0.018369357816282968 -0.3056266530272238 0.004544441613797615 0.9521405867884206,-177.8054041155027 1.581861038228931 106.43942775666189,5
2,737,6,1,0.9999992052627757 0.001110596855610848 0.000596697947361835 -0.0011102918654201238 0.9999992529536296 -0.0005112183047788835 -0.0005972652590427452 0.0005105553896179171 0.9999996913036537,-0.8454164361674259 0.6751485163049296 0.11692776748509459,5
2,739,6,1,0.9841801080750588 0.16959137658110196 -0.05126675198110875 -0.16868406793113083 0.9854342065818728 0.021566402680091745 0.05417748698095266 -0.012577340246692825 0.9984521072223487,80.0947065858043 -24.72627252500063 4.398179370469961,5
2,740,6,1,0.999743538548333 -0.012638387723899386 -0.01879170792128751 0.014483116232974325 0.9947286003191129 0.10151478242778789 0.01740966613811798 -0.10176091028936057 0.9946565340166624,50.225916014338736 -123.95280415185945 4.773403625735,5
2,750,6,1,0.9795962890887309 -0.19141463754818597 -0.06124987294588255 0.19424707774357042 0.82356240387976 0.5329287379226955 -0.05156726860784352 -0.5339526228497149 0.8439404086546852,67.02591421912905 -715.5425337011438 8.577669331571336,5
2,754,6,1,0.9999989383864356 -0.0007015091568830789 0.0012771495224303403 0.0007025467075830599 0.9999994234376689 -0.0008121283468476848 -0.0012765790706018437 0.0008130247418730585 0.9999988546676667,-1.746896742259878 0.7858670791230793 0.4036535711986744,5
2,756,6,1,0.9999992187855966 0.0006748688377929413 0.0010521312887199485 -0.0006730383435434445 0.999998261133266 -0.0017391807936815162 -0.0010533031781242153 0.0017384713103088534 0.9999979341328248,-1.2139944201324937 2.401048423591874 0.5870700796522215,5
2,758,6,1,0.9995588534138214 -0.000638965611030072 0.029693270028653074 0.0014710227869236675 0.9996066067335357 -0.028008353515104584 -0.02966369252144674 0.028039677202397417 0.9991665736244277,-37.355106880724094 38.66048870316985 21.10394299337304,5
2,761,6,1,0.9255105284549374 0.35000210563137407 -0.1446678532800778 -0.3412370800631191 0.9363644753071977 0.08233361751237779 0.16427877802399868 -0.02683459402119408 0.9860488769095882,252.5915222877619 -22.846214239027496 -102.98081232540036,5
2,762,6,1,0.9863694188551613 0.03786555862177088 0.16012985048888217 0.016274200444222564 0.9459408745392555 -0.323930567059994 -0.16373918268768692 0.32212119046434895 0.9324309189996857,-221.5792267287954 462.02166464438636 115.18196895212873,5
2,764,6,1,0.9699046823689946 0.09553984238401242 -0.223957687155274 0.011881538362043257 0.9001339791327503 0.43545108641131486 0.24319485225812842 -0.42500700950440873 0.8719090008178988,158.52990393387242 -575.3055094111315 22.7032600082751,5
2,768,6,1,0.999999972221464 0.00017123224518006408 -0.0001619771244054935 -0.00017124418405223274 0.9999999826221526 -7.369615248326022e-05 0.00016196450243260996 7.372388807649899e-05 0.9999999841661434,0.2982856478376519 0.1527597465754411 0.03556629893864738,5
2,769,6,1,0.9999999842658739 0.00013209003819954213 -0.00011840808308874462 -0.00013211241766770965 0.9999999734098227 -0.00018901498358436797 0.00011838311294387616 0.00018903062378849977 0.999999975126431,0.23328599153826346 0.2760245524380025 0.0946347369583691,5
2,770,6,1,0.9999999236934053 5.155550631738559e-05 -0.00038724051111183044 -5.177686306787055e-05 0.9999998352747098 -0.0005716377436981723 0.000387210976250163 0.0005716577501774234 0.9999997616375097,0.37310148237699536 0.7290388565231183 0.2774889802767575,5
2,773,6,1,0.929134499169581 0.1385685759040874 -0.34279415430372256 -0.05697518726885739 0.9697016605085517 0.23755529386363067 0.3653257594101045 -0.20119005785294347 0.9088782372422385,522.7881333495528 -234.25665236214314 -52.59560504587463,5
2,775,6,1,0.9995146326291862 0.030394006196042767 0.006833999377874184 -0.0304163670983974 0.9995322177917696 0.0031922106449572274 -0.006733778484432462 -0.0033985266838967854 0.9999715527172265,4.259719013576188 1.417552570672342 -2.1752398843334504,5
2,785,6,1,0.9999997161137166 0.0005205538927876563 -0.0005447899877215473 -0.0005209319108832045 0.9999996235199111 -0.0006939668435366891 0.0005444285354771622 0.0006942504450187653 0.9999996108068692,0.7047813593156178 0.9714795282669115 0.16550959564119694,5
2,788,6,1,0.9999997544529398 0.000695366009208281 8.69492539102984e-05 -0.0006954581712995817 0.9999991916380926 0.001064453424572176 -8.620899889387121e-05 -0.0010645136327676608 0.9999994296892041,-0.11146491869394026 -1.1126100554887728 0.001967232344441072,5
2,791,6,1,0.9884953852574332 0.08628885701969055 -0.1242220048099163 -0.05237816401818699 0.9657696839500323 0.25405795696481714 0.14189221704816446 -0.24462859750505062 0.9591785277120567,68.51766061679871 -258.52059578164585 92.14484823264519,5
2,794,6,1,0.9816900687241142 -0.18241343621782138 0.05486298620792368 0.188368701518497 0.8868302984148682 -0.4219588298657006 0.028316801667550056 0.4245672621630204 0.9049534787173962,-105.43845129984194 744.8744890895068 94.29481378740051,5
2,801,6,1,0.9999996654863883 0.00042579237829732525 0.0006983752294172571 -0.00042476261569498325 0.9999988234525423 -0.0014739980498085226 -0.0006990020248808446 0.0014737009130465495 0.9999986698000096,-1.1002696007180621 2.095547635419127 0.06114881983603482,5
2,803,6,1,0.9731309387890322 -0.20898350437979055 -0.09665438877112464 0.2062513676428727 0.9777780729230665 -0.03755547172250878 0.10235501608139308 0.01661129158125954 0.9946092276240859,136.01687610866097 33.83240156761946 3.7652377265767427,5
2,804,6,1,0.9750276755957024 -0.19965589369312972 -0.09725510750618716 0.19475232940378723 0.9791574565139278 -0.057638576881939275 0.10673594527731081 0.0372585489085957 0.993589069242906,280.64213541615123 -27.82344385483973 21.584932588885813,5
2,808,6,1,0.9681045400019075 -0.1567962321239153 -0.19541888654743922 0.06381952615225882 0.9085668750195884 -0.41283568365494094 0.2422822067536094 0.38719655888047966 0.8895943778384158,254.11251849305324 724.2513754149202 264.48949309161026,5
2,809,6,1,0.9999999633114312 -0.000236430583136632 0.00013220331097910099 0.00023642809072330073 0.9999999718728745 1.8868190586829314e-05 -0.00013220776827796432 -1.883693331872216e-05 0.9999999910831381,-0.2221009092632471 -0.04943169177721529 -0.11091679351693529,5
2,819,6,1,0.9999998791130928 0.0003502769498202607 -0.00034507949451050707 -0.0003499872938873688 0.9999995867165841 0.0008390921010361096 0.0003453732665164612 -0.0008389712261622218 0.9999995884222093,0.4430058144010047 -0.7940071654847713 -0.11105265770038386,5
2,821,6,1,0.9947807528253042 0.04177679522350983 -0.09309110155743025 -0.0264143946218897 0.9866778190669159 0.16052775809222225 0.0985572603367299 -0.15723097895201532 0.9826316124024868,86.79026411397896 -216.81138466121257 -11.809027382475051,5
2,828,6,1,0.9976865056248855 -0.006473130829720231 -0.067673739894204 0.010681199588463725 0.9980186157990987 0.06200608432890453 0.0671382787190618 -0.06258547032429435 0.9957788461475418,103.89981623976948 -90.96638119930395 4.040597968744578,5
2,837,6,1,0.9999999678247058 0.00011496177430980747 0.0002261291201415272 -0.00011511454317170156 0.999999765098861 0.0006756854781511668 -0.00022605138902215272 -0.0006757114871613346 0.9999997461573462,-0.2379818398042346 -0.7318633940271866 -0.2052607169634939,5
2,840,6,1,0.999998772576661 -0.00152074408661719 0.0003770710740996497 0.0015206990568276818 0.9999988365751177 0.00011967785995847802 -0.0003772526348039332 -0.00011910430143569073 0.9999999217473043,-0.8302453655666255 -0.06419196283695783 -0.12879933837666613,5
2,844,6,1,0.9946251689610948 -0.10286189620645031 -0.011840759178664617 0.10332208335018234 0.9934446343991205 0.048911199901204905 0.0067320399056863545 -0.04987172237261267 0.9987329427561186,-13.3414332899752 -68.5014795753898 -14.373322804788586,5
2,850,6,1,0.3290834350202919 0.939476226069752 0.09533369522357155 0.9344427567492789 -0.338533906637239 0.11050578453518488 0.13609124569219216 0.05271825781135886 -0.9892926554560495,-20.59608972726923 -179.36744695275092 1505.3160881250171,5
2,856,6,1,0.9999920661251145 -0.003722600281264377 0.0014177214007080607 0.0037228567383979193 0.9999930542496657 -0.0001782978700627367 -0.0014170478218678562 0.00018357442913975172 0.9999989791374289,-2.4279253323267653 -0.3468274819710473 0.5404940558285034,5
2,867,6,1,0.8697355593864069 0.1583718329337689 -0.4674167511675357 -0.06647172183192354 0.9760736065314635 0.20703097553110913 0.48902102913424367 -0.14899220505067268 0.8594531726037342,430.84243268324076 -181.3107212442905 211.0073981730657,5
2,871,6,1,0.9999977971717173 -0.0017001432641992886 0.0012309202224903282 0.001700360768079473 0.999998538954659 -0.00017567528719003578 -0.001230619750903883 0.00017776790866302905 0.9999992269865012,-1.661884491961132 0.1496186071430543 -0.1757003439665823,5
2,877,6,1,0.9485877594496992 -0.30523796472810977 0.08373199813000132 0.285593507683554 0.939468078184649 0.18930419551887345 -0.1364463667204267 -0.15565832763037585 0.9783419003845799,69.49482302980996 -259.92049455859205 160.09600148739625,5
2,883,6,1,0.9999999078227839 -0.00042271358577711943 7.528378963795115e-05 0.0004228424863571209 0.9999984305574847 -0.0017204902789972887 -7.455639686922838e-05 0.001720521953591958 0.9999985171216758,-0.0059150214379855015 2.078414190209955 -0.0730089528174176,5
2,886,6,1,0.9999997392196929 0.0006615558123940213 0.0002896626545255132 -0.0006613051486351607 0.9999994075651601 -0.0008646067483654707 -0.0002902344685389302 0.0008644149674882362 0.9999995842752725,-0.4003002143795982 1.0039883800617346 -0.017798624394117724,5
2,894,6,1,0.9922424606279585 -0.07032606916658318 -0.10251411279698065 0.07197773268262964 0.9973279345048556 0.01249788198642135 0.10136126146039753 -0.019779662581942643 0.9946530347931891,53.905759088505675 -15.573565806873205 16.203651223791667,5
2,902,6,1,0.9999998930905489 0.00028924886368228084 -0.00036076860405470645 -0.00028904602347205183 0.9999998002085673 0.0005621701015996114 0.0003609311390393999 -0.0005620657627679049 0.9999997769053706,0.4810158152308901 -0.6128492741789273 -0.15521664714719918,5
2,903,6,1,0.8465049047434391 -0.0969893298171594 0.5234716001340651 0.061359889566405146 0.9944868482646068 0.08503453757813231 -0.5288330645843722 -0.03986199355710326 0.8477892493255348,-783.7998149754204 -105.5743937001375 -68.10511790155938,5
2,904,6,1,0.9999996446345855 -0.00018852863957097288 -0.0008216980311394444 0.0001886309028987787 0.9999999744742548 0.00012437793860361145 0.0008216745613613958 -0.00012453289204552003 0.999999654671177,0.9521553596227008 -0.13252630711762947 0.058060762074092054,5
2,907,6,1,0.9635540386267057 -0.23480126910770097 0.1281872796792948 0.2269168466340559 0.971159620688526 0.0731965563245599 -0.14167695422975782 -0.04144098417667344 0.989045138237203,-171.79042453588517 -126.2409669181075 5.032311440961166,5
2,909,6,1,0.9999999247062498 0.00038747591724253017 -2.121106983676846e-05 -0.0003874725536991419 0.9999999123951477 0.00015834998461042304 2.127242478403013e-05 -0.00015834175398021788 0.9999999872376863,0.02698627940873166 -0.0646823433604169 -0.00013078312099423783,5
2,918,6,1,0.9975405158360222 0.06681550919347595 -0.021180344586899436 -0.06695880056143638 0.9977369158256081 -0.0061290966852659 0.020722892968334822 0.007532232738045708 0.9997568840358154,34.17966167848054 -3.1903007960302716 14.156397106137547,5
2,925,6,1,0.9999992084407129 -0.0010306706373035025 0.0007216896738799355 0.0010321636692788884 0.9999973217732406 -0.0020714933034881033 -0.0007195527137081881 0.0020722365656399844 0.99999759403686,-0.9932177579162937 2.0797537759826525 0.1807745554617668,5
2,934,6,1,0.9873044822413853 -0.14733376657030375 -0.059351668673066724 0.15141926765772695 0.9858805626637669 0.07149630440640725 0.04797983668238374 -0.07957560800887978 0.9956734695079255,7.537581290897084 32.121932413271836 -167.0707409181223,5
2,942,6,1,0.7804338814840178 -0.01128693657978921 -0.6251364344640582 -0.1330239541587191 0.9739484324024643 -0.18365478115410216 0.6109235502513962 0.22648853411028588 0.7586009225309472,501.32274453495336 102.52052153617042 322.49989955829415,5
2,952,6,1,0.997645153058338 -0.01331187659914099 0.06728255732816318 0.016485497157469192 0.9987665667259328 -0.04683560156510505 -0.06657609903470943 0.04783449729957947 0.996634077234678,10.042500144902604 -8.111122113580173 -25.668891531213212,5
2,956,6,1,0.999999116562402 0.0013265867541343845 -8.391661993627925e-05 -0.001326607028279192 0.9999990907729931 -0.00024200615679777215 8.359550147515535e-05 0.0002421172673782862 0.9999999671955104,0.030309623654545703 0.4655167060999119 -0.06301925232492067,5
2,961,6,1,0.9869237894958206 0.09175568456846336 -0.1325229341532301 -0.13272986938007308 0.929105665136909 -0.34517451352156847 0.09145608509857427 0.358250690662105 0.9291352039066043,-50.983107968522546 117.72817624151865 111.38653110311205,5
2,968,6,1,0.999999628638059 -0.0008531902413291825 0.00012161478531050318 0.0008530997557133491 0.9999993607133637 0.0007421547489173952 -0.00012224790675298414 -0.0007420507237657359 0.9999997172080461,-0.30186304617609494 -0.36255409306806996 0.015192696807616812,5
2,969,6,1,0.9999997233893814 -0.0003985370198882898 -0.0006280043018494497 0.0003979332925967416 0.9999994588962007 -0.0009611744895220431 0.0006283870256499346 0.0009609243198312745 0.9999993408768815,0.5377623503132156 0.958613287926255 0.1734348075900698,5
2,972,6,1,0.9999985224278957 0.0008554402650402526 0.0014910948926953604 -0.0008528126261732605 0.9999980840896017 -0.001761967011871285 -0.0014925992934189392 0.0017606927838868247 0.9999973360505874,-1.1767643865428283 1.7810974932377235 0.4926812402673022,5
2,982,6,1,0.9999971078840277 4.471684876566906e-05 0.0024046255393887564 -3.742176775406447e-05 0.9999953975318797 -0.0030337294984185414 -0.002404750130999389 0.003033630739182655 0.9999925071026017,-1.8713642958715724 2.444753640343208 0.7368234421302304,5
2,984,6,1,0.9999991463853429 -0.00027288790013874076 0.0012777952809062063 0.00027643537286153874 0.9999961062199508 -0.0027768918636162376 -0.0012770325252626294 0.002777242721035411 0.999995328044485,-1.039782143654179 1.9374956841471658 1.0969536895596548,5
2,991,6,1,0.999999158094684 -0.0001695438537239191 0.0012864932204155743 0.00017030798972811345 0.9999998091497487 -0.0005938818533864909 -0.0012863922858696863 0.0005941004534683048 0.9999989961192657,-1.2615674116278086 0.5212423201943182 0.37017951697657736,5
2,1001,6,1,0.9999998800522616 0.00026999859498580414 0.0004086517117440902 -0.00026970748848165194 0.9999997099817058 -0.0007122460075282555 -0.0004088438986492582 0.0007121357056689981 0.9999996628546446,-0.24181954905986913 0.6117207437798129 0.06857870852218184,5
2,1012,6,1,0.9908543422355804 0.12722245972785035 0.04496796875209995 -0.11940294696114849 0.9819057396998343 -0.14698317795419563 -0.06285386805827896 0.14026961212364225 0.9881163024587721,-33.79069876742679 144.4813408084308 30.285512114596486,5
2,1038,6,1,0.948296456036182 0.31561642888446134 0.03346791429769321 -0.28455590510368733 0.8921709751059065 -0.3507975029118626 -0.1405765568643622 0.32313653615274873 0.9358530924580863,77.94841654993458 662.5289711706696 123.5519068615541,5
2,1050,6,1,0.9964246086441111 0.02525619538536006 -0.08062334576961241 -0.024368730894047008 0.9996313414239516 0.011972727240032455 0.08089600882023476 -0.009965231437714508 0.9966727295955023,138.40825213136455 -50.89658471230908 -27.62813863553015,5
2,1057,6,1,0.9927780851762648 0.08141806108911041 -0.08810659976550683 -0.09546310752834614 0.9809494562807172 -0.16918912294706595 0.07265307078699945 0.1763781833194113 0.9816375439815676,120.4035419343308 174.49715623159182 35.596138290944964,5
2,1061,6,1,0.9999999888971162 -0.00014706464808444996 -2.4036577093688657e-05 0.0001470935397361304 0.9999992614354092 0.001206437783548009 2.385913499319131e-05 -0.0012064413057785717 0.9999992719647941,0.08868375235024928 -1.2139283059260526 0.19670765296586978,5
2,1069,6,1,0.9817776389112655 0.011522386222416359 -0.18968369025712825 -0.015524088878535736 0.9996868941681896 -0.019624380062819247 0.1893981795010498 0.022211443989531954 0.9816491131547912,261.7952004289985 35.08707867956841 42.9455513432581,5
2,1071,6,1,0.8180046202769485 -0.5739515284748323 0.03805370109422279 0.5743552346650476 0.8186060771715005 0.00039348538194611954 -0.03137683251099914 0.0215344695614025 0.9992756181366012,122.77616479341451 -175.58503295219882 -38.60144792485916,5
2,1087,6,1,0.9999998311588926 -0.0004310034593616452 -0.0003897668585977482 0.0004313761528295934 0.9999994493982732 0.0009566178782917101 0.00038935433837693906 -0.0009567858529033191 0.9999994664818731,0.4958645635075243 -1.258716127197502 -0.006958712568803094,5
2,1098,6,1,0.999359548956816 -0.005495395912344214 -0.03535947585296231 0.0052924219144726 0.999968992389658 -0.005831340282566433 0.035390424963665956 0.00564046832971038 0.9993576451590858,45.129623427878016 2.220861651351356 -2.8865090190968203,5
2,1099,6,1,0.9999990844681129 -0.0013336448642534138 -0.00022902906434452142 0.0013334775037991964 0.9999988449472172 -0.0007293435259815573 0.00023000148505142315 0.0007290374531390975 0.9999997078018117,-0.29175912085915456 0.7746295051738912 0.35001722162564874,5
2,1103,6,1,0.9999989704508053 0.001097124555854867 -0.0009248865005511767 -0.0010958635343241707 0.9999984708742264 0.0013628398014068066 0.0009263802912947566 -0.0013618248489068174 0.9999986436253983,1.2129549982949541 -1.3093445936013381 -0.33650677958132746,5
2,1107,6,1,0.9835171261727624 -0.17039887556748592 -0.06048376418682386 0.16859138669143742 0.9851041954310187 -0.0338624936716686 0.06535294070146364 0.02310730078442791 0.9975946299936305,25.613598906510433 26.58401055260211 -11.322687236281809,5
2,1117,6,1,0.9949715392839861 0.014560074216280278 0.09909409797596797 -0.016680672435287702 0.9996485320527351 0.02060503656677702 -0.09875925871512559 -0.022154381138456497 0.9948647105081223,-110.47892654929564 -11.840012095766241 43.23391098897787,5
2,1123,6,1,0.9999977165125877 -0.0018884326967235215 -0.0010003957016110898 0.0018901417202018544 0.9999967513438128 0.0017101655173818314 0.0009971629191896647 -0.0017120525018925886 0.9999980372692456,1.0795510016018142 -1.9923511084043852 -0.11102521921952757,5
2,1131,6,1,0.9872327384573276 -0.15668490818064648 0.028659373099716154 0.15017661081504133 0.8556237398279306 -0.4953332225956329 0.053089600508516355 0.4933131413121786 0.8682301762358634,37.7544864731848 474.37496050447766 246.54813030661126,5
2,1144,6,1,0.995916769994404 0.08476615043308036 -0.031056190762404325 -0.08622242912215235 0.995069572079992 -0.049012645682696754 0.026748457155317457 0.05149025598400725 0.9983152175432929,41.35367860370624 61.062513989762294 -3.135316233644403,5
2,1148,6,1,0.9999985557431545 0.001471971936150951 -0.0008495941528511713 -0.0014691610009414657 0.9999934765616897 0.0032997575697640835 0.0008544457611147777 -0.0032985046134713647 0.9999941948780284,1.12010619404478 -2.8244196982113294 -0.9240095373176018,5
2,1151,6,1,0.9999985284718073 0.0014111107411764745 -0.0009756129849234352 -0.0014127938018114183 0.9999975114300718 -0.001726599935422124 0.0009731741333275923 0.0017279757346597702 0.9999980335140498,1.3414125884800256 1.709319370222289 0.5945914054393597,5
2,1157,6,1,0.9840631152410545 0.10949969865271114 -0.14010567874657065 -0.1244115808013029 0.9869219759292847 -0.10250254626279003 0.12704937538056896 0.1182997439676024 0.9848165447394799,193.3033277674872 40.22636057745773 49.32320774889991,5
2,1168,6,1,0.8071546446182939 -0.5698912430011005 0.15403035681895932 0.46100664047323164 0.7714655966752189 0.4385358714930089 -0.36874687403515727 -0.282957248179312 0.8854156868906781,-310.67196598996435 -394.8243029682866 -785.0652472041971,5
2,1176,6,1,0.7934527559450977 -0.6082613369826864 0.02123369998761919 0.5763394481125904 0.7621098194238123 0.2949940061883955 -0.19561585986929594 -0.22182598826521466 0.9552631398194721,-31.129117606009515 -194.50598697514283 -850.3105621496547,5
2,1180,6,1,0.9999992317587691 0.00018084022627051777 0.0012262865428567804 -0.00017993231051555147 0.9999997096804789 -0.0007404480547543724 -0.001226420089635416 0.0007402268373402632 0.9999989739784705,-0.9780289222146479 0.6322914795673569 0.13822180587214916,5
2,1199,6,1,0.9999942022389393 0.0010242465885191288 -0.0032475232767608386 -0.001022071216649878 0.9999992522660581 0.0006714445267960722 0.0032482085732429833 -0.0006681214338539743 0.9999945013622893,4.116964846676822 -1.1462871770316383 0.023322715010635875,5
2,1212,6,1,0.9999989043939507 -0.0007601122979861152 0.0012702126567996769 0.0007591991397472662 0.999999453162675 0.0007192294609640326 -0.0012707586573583105 -0.0007182643286156032 0.9999989346338269,-1.1915777569066677 -1.2122298028031082 -0.039268348476525716,5
2,3,9,1,0.9782106584543904 0.13558333487423654 0.15722934519550907 -0.16113036273152925 0.9733585214113321 0.163126316092625 -0.13092331302038573 -0.1849063224995991 0.9739962720706069,-200.95047254535774 -167.21604417655166 89.58229643920606,5
2,8,9,1,0.9999994632754989 -0.0009582049096854561 0.00039407114271192145 0.000957984831792158 0.9999993852926268 0.0005582825727107055 -0.0003946058495758187 -0.0005579047588889496 0.9999997665142246,-0.1396884613867968 -0.4955742227477913 0.10432072922480984,5
2,17,9,1,0.9999997296203509 -0.0006299574103330041 0.0003793585181151582 0.0006302064753118952 0.9999995857390264 -0.0006567812224615999 -0.00037894461676379887 0.0006570201190755909 0.9999997123627287,-0.2505629359881816 0.7233121473927895 -0.06364387843200348,5
2,27,9,1,0.999999978007404 0.0002050109907534292 -4.422312299666442e-05 -0.000205008623097247 0.9999999775526393 5.353676416230968e-05 4.423409762910335e-05 -5.352769686345349e-05 0.9999999975890645,0.08532653705182724 -0.003887879413923656 0.03466077196890183,5
2,36,9,1,0.9999995688647154 0.0006852066188416384 0.0006267074860484556 -0.0006845668837780344 0.9999992450422123 -0.0010204328429654352 -0.0006274062202493158 0.0010200033798297148 0.9999992829770129,-0.8981394317386844 1.2500053872450962 -0.15936638353321086,5
2,38,9,1,0.9999998047396539 -0.0003102882094840123 0.0005424406721927233 0.00031033735608461746 0.9999999477483458 -9.052089842876213e-05 -0.0005424125562819848 9.068922035813942e-05 0.999999848782031,-0.5081051562654011 0.10407853804335332 0.008783114866218966,5
2,39,9,1,0.9999999657861793 0.00010556567708325248 -0.00023933977471718437 -0.00010562699242691598 0.9999999616055318 -0.00025618718545156183 0.00023931272095395473 0.00025621245742724064 0.9999999385422974,0.13896647913981042 0.27012003394099793 -0.10319832561947351,5
2,41,9,1,0.942785128854741 0.3165409911706336 0.10468047439262254 -0.305029104451956 0.945682067018361 -0.11243964406347084 -0.13458620377880215 0.07407583295917322 0.9881292044686355,-110.67588825470555 303.7294632825109 54.6811324920419,5
2,47,9,1,0.9547360227155753 0.2542522297954381 -0.15438565533524476 -0.28128482869389004 0.9405029841215159 -0.1906121244967773 0.09673661186900231 0.2254106042371865 0.9694493733153544,87.68714540397822 148.50445530111284 13.448543398283487,5
2,58,9,1,0.9999998203008778 -0.0005606174335045511 -0.0002123824525778334 0.0005607774675341903 0.9999995583482595 0.0007542094660472065 0.00021195953580380178 -0.0007543284298101582 0.9999996930308404,0.2099683780434134 -0.8564624290405902 -0.05821467000487246,5
2,61,9,1,0.9999999047813256 0.000300433030588132 -0.0003165080331783976 -0.00030030159721677885 0.9999998687029487 0.0004152264896820357 0.00031663273937454495 -0.00041513140227697476 0.9999998637048051,0.28548595622658013 -0.33156545638536716 -0.066500493775834,5
2,62,9,1,0.9999997360133277 -0.0005224667165777963 -0.0005049770338035886 0.0005225390506801708 0.9999998532346435 0.0001431210415590578 0.0005049021837098544 -0.0001433848739974819 0.9999998622572722,0.49422522995050144 -0.21717271228549606 -0.12287755189208838,5
2,64,9,1,0.999999509234066 0.0006026565641976817 0.0007863438772762188 -0.0006027062798445865 0.9999998163887867 6.298836281493775e-05 -0.0007863057725442935 -6.346226629583285e-05 0.9999996888478382,-0.8656264177207049 0.031820735568775405 -0.0038641767425815488,5
2,65,9,1,0.9999995376842331 0.00024508188977825224 -0.000929820513274518 -0.0002441034839957834 0.9999994166232007 0.0010522199135285515 0.0009300778508836427 -0.0010519924546441017 0.9999990141330473,0.8687117964922777 -1.0317227570376808 -0.33324268935291457,5
2,69,9,1,0.9999999566973012 0.00014849214958156942 0.0002540776978499325 -0.0001486606541519775 0.9999997689594741 0.0006633106422745116 -0.00025397914272457314 -0.0006633483849081134 0.9999997477317258,-0.1985886374756376 -0.6198698653624319 0.2565263576794905,5
2,72,9,1,0.9999994428036054 0.0009022576608888888 -0.0005480178757983484 -0.0009025829266481045 0.9999994165066592 -0.0005935742592727555 0.0005474819991109353 0.0005940685601133477 0.9999996736729496,0.49801016201483606 0.6711499947287507 -0.12447027746634376,5
2,79,9,1,0.9999990404600523 0.00040912870676299007 0.001323515272276539 -0.0004086328482989232 0.9999998462340777 -0.0003749013432531069 -0.0013236684516666694 0.00037436015170513523 0.9999990538777056,-1.4916933715703777 0.701353679074451 0.021690707058496628,5
2,89,9,1,0.9999904676812613 -0.002756903876823924 -0.0033858570003503785 0.0027495204561273356 0.9999938364592381 -0.002183387458995323 0.003391855520833653 0.0021740571631659877 0.9999918843628569,4.49689888246256 2.9735324941772574 0.19814022219270555,5
2,96,9,1,0.9999885726024573 -0.0003605994810605001 -0.0047670360304072346 0.00035108221525806393 0.9999979440433607 -0.0019971605669176773 0.004767746404651829 0.001995464122999835 0.9999866432693769,6.13878309237634 2.5142974257908435 -0.2876960286737358,5
2,97,9,1,0.9999995927469825 0.0003322436760020975 0.0008391185902472398 -0.00033322630444265755 0.9999992586762869 0.001171156311974203 -0.0008387288589107034 -0.0011714354514039127 0.9999989621359039,-0.7596747341736148 -1.1347035323157115 -0.18218112357430982,5
2,102,9,1,0.9999999282603155 6.979321380796988e-05 0.0003723013193615565 -6.96680261657312e-05 0.999999941039158 -0.00033625592749647604 -0.0003723247657921036 0.00033622996587517884 0.9999998741618317,-0.4556866171776619 0.3293407884979729 0.10888046252671302,5
2,107,9,1,0.9999998661546896 0.0004170104947237019 0.000306256185024778 -0.0004170733565060647 0.9999998919665305 0.00020522364355028688 -0.0003061705715259877 -0.00020535134737736938 0.9999999320452003,-0.24108149358960773 -0.11464301385794329 -0.06277708517427527,5
2,110,9,1,0.9999999281670451 -0.0002685028877202414 0.00026752963133218344 0.0002689347483973738 0.9999986588717267 -0.0016155274213789372 -0.0002670954987629287 0.0016155992533449792 0.9999986592486252,-0.33124946754189466 1.9644988372339043 0.19188041414940926,5
2,115,9,1,0.9999979238501999 0.0015579269501951806 0.0013134530475937267 -0.0015581497537514276 0.9999987718666045 0.00016862570492254952 -0.0013131887279678178 -0.00017067191137298127 0.9999991232028472,-1.405863709497872 -0.3224627694030744 -0.21945481211719198,5
2,119,9,1,0.9999983134265393 -0.0016988974805641488 0.0006977760586775739 0.001697987741327539 0.9999977104244782 0.0013022992864807348 -0.0006999869340431619 -0.001301112274863403 0.9999989085619747,-0.49913130107761106 -1.2705295019148366 0.1969027375242831,5
2,124,9,1,0.9999999921757771 0.00012340771439756093 2.046907677905052e-05 -0.00012340995151155498 0.9999999864087802 0.00010932714972972102 -2.0455584688050532e-05 -0.0001093296749619388 0.999999993814296,0.013581688908434586 0.028068766015138635 0.0034833654983685847,5
2,126,9,1,0.9999997951985651 -6.699592272119137e-06 0.0006399671435103251 5.971372139979003e-06 0.9999993525765933 0.0011378975076094446 -0.0006399743526299007 -0.0011378934530843678 0.9999991478152965,-0.6456767080506154 -1.0405233776031935 0.11999279243480032,5
2,136,9,1,0.9932474925279555 0.11307213876849098 0.02596362881511835 -0.10716140350565599 0.9799269478077067 -0.16810595039727405 -0.04445055888994065 0.1641885148071932 0.9854269528583943,-39.566821969037676 135.5583271207896 -0.3602921309877729,5
2,153,9,1,0.9999965539891196 0.0025539422546365653 -0.000607773679766388 -0.002551539789606927 0.9999890561763191 0.003921373776610795 0.0006177819905829884 -0.003919809504786695 0.9999921266884345,0.6855169815071918 -2.8128164935829005 -0.476895368053988,5
2,156,9,1,0.9565566776638509 -0.2680982724840689 0.1145540863861038 0.26884615881082896 0.9631395607813681 0.009161296335052183 -0.11278770016876503 0.022034126915636304 0.993374769128806,6.743423888477796 22.666675171349674 -387.2328321532973,5
2,162,9,1,0.9999985897974628 0.0013691749562445617 0.0009725034829047937 -0.0013684975057019512 0.9999988207516319 -0.0006969289219484085 -0.0009734565537077125 0.0006955970705468341 0.9999992842632702,-0.914811860157343 0.86785519429543 0.1441001452042201,5
2,166,9,1,0.9999996303190476 0.0008325770722830139 0.00021488877991221456 -0.0008324275253474012 0.9999994119633221 -0.0006950808772745454 -0.00021546736195171556 0.0006949017409810798 0.9999997353426582,-0.12386946705544943 0.8679954177225611 0.05190368926287192,5
2,175,9,1,0.9999999151620979 -0.00016772962239757633 -0.0003762214403000008 0.00016721190333877228 0.9999990397285028 -0.001375711544022773 0.0003764518266032302 0.0013756485186073864 0.9999989829370705,0.4323611467318429 1.4337033881305103 0.08259090972444483,5
2,176,9,1,0.9999984603867829 -0.0017485024873653277 -0.00014819957924791516 0.0017484939437948932 0.9999984697152386 -5.7759058207762504e-05 0.00014830034431712394 5.7499843214375845e-05 0.9999999873503875,-0.08320098161432554 -0.004325242360366133 0.0500396694420715,5
2,178,9,1,0.9999991731655938 -0.0005272548683644129 0.0011728897785598796 0.0005270523378077818 0.9999998461470496 0.00017297893241767113 -0.0011729808020916142 -0.0001723606150929877 0.9999992972036817,-1.04052634965808 -0.38188983318147507 0.3430630331657767,5
2,203,9,1,0.9999986135763255 0.00028176825413483986 -0.0016411739937759774 -0.000280301930187854 0.999999561435285 0.0008936218805863901 0.0016414250682921447 -0.0008931606174096135 0.9999982539924043,1.545604044295601 -0.7846385124741531 -0.6134106310323659,5
2,207,9,1,0.9999938691527281 0.0031716298954178185 0.0014840555118504628 -0.0031725942382231087 0.9999947574219231 0.000647900044322608 -0.0014819928324240617 -0.0006526043781126187 0.9999986889015247,-0.99039530715919 0.012740390983537964 0.25287556482066975,5
2,217,9,1,0.9999984862757897 -0.0014633629825506755 0.0009412836498657942 0.0014632940109415293 0.9999989266498128 7.395850580723881e-05 -0.0009413908676784433 -7.258101912694173e-05 0.9999995542575154,-0.7587938845172033 -0.39612665618588494 0.06569696065525932,5
2,219,9,1,0.9999999377575404 0.00020246459065060424 0.00028895156266250943 -0.00020237264513036507 0.9999999288977686 -0.0003181976925004104 -0.0002890159658830993 0.00031813919680279135 0.9999999076286074,-0.34937481668390546 0.3601963262344512 0.04983091030237574,5
2,221,9,1,0.9764002252853972 0.0862045780858521 0.19801861220518796 -0.07557019864631648 0.9952935889381574 -0.060661494336679486 -0.20231595374360573 0.04426559087646858 0.9783193815544977,-346.3351252595049 67.56447222749706 174.04127859848165,5
2,224,9,1,0.9999998046451499 -0.00012778676501790098 -0.0006118661661783653 0.00012844356770153054 0.9999994155253543 0.0010735227994315422 0.0006117286265524546 -0.0010736011799870604 0.9999992365840058,0.6614153195454691 -0.9090827322980637 -0.17365002789063055,5
2,243,9,1,0.9999990935319243 0.0013376540405680426 0.00015367822795138777 -0.0013373965277161531 0.999997721700109 -0.0016637202644927407 -0.0001559033599603868 0.00166351322765515 0.9999986042079682,0.21466845930922318 1.9922216329027265 0.43075288205795914,5
2,249,9,1,0.9999761036954793 0.006713817650543019 -0.0016482386244561706 -0.0067148083581691775 0.9999772776447055 -0.0005962742627994844 0.0016441978959223433 0.0006073276205396314 0.99999846388204,1.681296695633442 1.119264438641701 -0.618351943670632,5
2,254,9,1,0.9999991197187201 -0.0013193832273691863 -0.0001406758129840369 0.001319496516724361 0.9999988027942445 0.0008082938943638014 0.00013960919515929623 -0.000808478804083217 0.9999996634355914,-0.15223827326374462 -0.7340793603718794 -0.1346953981542356,5
2,258,9,1,0.9999963125669747 -0.0003417963402646551 -0.0026940727006096177 0.00034601236478309927 0.9999987161263344 0.0015646153287295905 0.0026935344619674617 -0.0015655417417818063 0.9999951469638023,2.5911026116783376 -1.5494590340055794 -0.22275068564772482,5
2,263,9,1,0.9999991878380894 0.0012682245199069908 0.00012621302473695556 -0.0012683049737289287 0.9999989912722052 0.0006394193184466324 -0.0001254019701640921 -0.0006395788757419529 0.9999997876065816,-0.30597389030054956 -0.4828281845273352 0.09550491604147737,5
2,266,9,1,0.9999983113123272 0.001807158602927128 0.0003339914351540296 -0.001807699117476247 0.9999970454782512 0.001625194963380927 -0.0003310534633093887 -0.0016257959749562123 0.9999986235945791,-0.005647873875290088 -1.3200670504884044 -0.18915464106385116,5
2,268,9,1,0.9999999208478936 0.00035532360259585283 0.00017902330687834256 -0.0003554405427076135 0.9999997232319849 0.0006536038365883845 -0.00017879101646043477 -0.0006536674169956569 0.9999997703763138,-0.13356669453263237 -0.4961748729471367 -0.08952781942809906,5
2,277,9,1,0.9999983745108112 0.0016047478044557972 -0.0008220463617864548 -0.0016040927752516698 0.999998395942505 0.0007968681113576515 0.0008233238155288536 -0.0007955481774271078 0.9999993446202818,0.5825052060337725 -0.3939483350504869 -0.27368435748030606,5
2,283,9,1,0.9999988005632497 -0.0005194053162075329 0.0014591402193785408 0.0005217792951318079 0.9999985402070732 -0.0016270617966650525 -0.0014582929847892223 0.0016278211942629683 0.9999976117870137,-1.1431086667273718 1.1433162999659743 0.5113732283392665,5
2,307,9,1,0.9999999219493567 -0.0003002175435857235 0.00025684763474978153 0.0002999351266595174 0.9999993512470268 0.0010988832717390984 -0.0002571773721554288 -0.0010988061483426792 0.9999993632422214,-0.2844879298164926 -0.8855160447367183 -0.24463182124236482,5
2,310,9,1,0.9999986102445817 4.433925305871722e-05 -0.0016665962129238099 -4.6679891045980915e-05 0.9999990126988931 -0.00140442950228159 0.0016665322961365026 0.0014045053469976532 0.9999976250145981,1.460452724878131 1.3171768274531814 0.33259945923055056,5
2,322,9,1,0.9986433699931744 0.00678557101104629 0.051627275685733096 -0.008263698494797958 0.9995604495671949 0.028471370676784517 -0.05141138838685161 -0.028859377801363842 0.9982604897806265,-22.3750673364556 46.43518212146422 -846.6613744865002,5
2,338,9,1,0.9999999550915819 0.00020503815326017305 -0.0002185776545107765 -0.00020505813300553122 0.9999999747995599 -9.138950760928521e-05 0.00021855891066635547 9.143432463076806e-05 0.9999999719358831,0.17539161582286056 0.13694514773537492 0.0024542112462313526,5
2,342,9,1,0.9999997708740176 0.0006742119793791967 -6.074635894215419e-05 -0.0006742958261805321 0.9999988052294595 -0.0013909941745441357 5.980846142805696e-05 0.0013910348168478248 0.9999990307220734,0.010740884200799883 0.8970532153418773 -0.006820589366952845,5
2,356,9,1,0.9999991332990796 -0.0009644814401347235 -0.0008962012281431009 0.000963579583426577 0.9999990295395492 -0.0010061979655856534 0.0008971708176780946 0.0010053335323068069 0.9999990921940941,0.660346891290061 0.8456249471513786 0.20925139141127147,5
2,362,9,1,0.9999991285239004 0.0012608479092128255 -0.0003914255858208926 -0.0012604420842908803 0.9999986697105734 0.0010353080869327513 0.0003927304311482499 -0.0010348138154049336 0.9999993874614004,0.43403766999819027 -0.8955214487196557 0.10901007840141119,5
2,365,9,1,0.9999998221952949 -0.0005962741360049928 8.156734132120161e-06 0.0005962770098515424 0.9999997585081543 -0.000356983697752028 -7.943872016136222e-06 0.0003569884979516269 0.9999999362480511,0.01617917782888867 0.3567067312885577 0.002615519823393697,5
2,368,9,1,0.9870581843801229 -0.1482202106220624 0.06121200708495712 0.15984618967706216 0.9399892632938777 -0.30144548518423653 -0.01285831613945158 0.3073287393905523 0.951516531464731,-183.41639576397668 243.29779365383206 101.63096042738006,5
2,387,9,1,0.9999992452195837 0.0011089186018193586 -0.0005290177660526654 -0.0011088026792053507 0.9999993612162867 0.0002193710019596229 0.000529260692709671 -0.00021878426006599616 0.9999998360082698,0.5213196974488881 -0.39120029748373497 0.13171826214397697,5
2,389,9,1,0.9994055163558897 -0.03379734250598368 0.006808341718169519 0.03398986471478471 0.9989570823255502 -0.030486665417771674 -0.005770872905268398 0.03069995620774993 0.9995119857784369,-11.329550657130298 31.322284078717786 -1.1132044352306139,5
2,402,9,1,0.9999998016531588 0.0006286838214747403 -3.808276046372849e-05 -0.0006286872277212474 0.9999997983712698 -8.949743059675358e-05 3.8026487198569714e-05 8.9521354990095e-05 0.9999999952699563,-0.12162989318815676 0.25189778158588183 -0.013993470820651055,5
2,415,9,1,0.9999998566031396 -2.8852222967112873e-05 0.0005347534462403492 2.8967991492684364e-05 0.9999999761479708 -0.00021648305541283053 -0.0005347471874679599 0.00021649851510313622 0.9999998335869049,-0.46657035206030173 0.2672327321064074 0.04762651130135964,5
2,417,9,1,0.9999999728211548 3.7024466934354114e-05 -0.0002301887886039522 -3.701662503338872e-05 0.9999999987344536 3.407142658096857e-05 0.00023019004978913626 -3.4062904842951935e-05 0.9999999729261295,0.17452139714831105 -0.03860245090713477 -0.06352965959888479,5
2,425,9,1,0.999999883227371 -0.0003469332023114946 0.0003364262133358775 0.0003475824778466641 0.9999980736939422 -0.0019317853983782385 -0.0003357553647817535 0.0019319021086553478 0.9999980775094406,-0.3317345647862595 1.773624185417468 -0.07557203614771879,5
2,428,9,1,0.9970118342159614 -0.012154706313539435 -0.07628673244906503 0.041794296643544816 0.9153995263632695 0.40037100781896495 0.06496644673518018 -0.40236298319842284 0.9131721582211493,92.66066605779089 -442.0855853002427 51.2948028181953,5
2,434,9,1,0.9999996616993131 -0.0006875101449156928 -0.0004515872678870769 0.0006875574171970045 0.9999997581687565 0.00010453337588581246 0.0004515152909228548 -0.00010484383269740438 0.9999998925708506,0.4720200615246313 -0.2750228266516359 -0.060399957499612356,5
2,435,9,1,0.9998598439389146 -0.002275867821599874 0.016586527789409306 0.0023254767491766686 0.9999928789369635 -0.0029722438077260677 -0.016579645241659502 0.0030103988144653355 0.9998580163516414,-15.238173586668495 2.742886315579348 4.488030693801534,5
2,438,9,1,0.9999992715093622 0.0007565439893909565 0.0009405434268148216 -0.0007558990220294382 0.9999994790750104 -0.0006859055156926835 -0.0009410618545576677 0.0006851940601600159 0.9999993224556137,-0.9103690459072595 0.6912728920863884 -0.02644165680487731,5
2,446,9,1,0.9999986308359208 -0.0006371648097729388 -0.0015272024389431094 0.0006354240244431653 0.9999991482417708 -0.0011400666835035822 0.0015279275485076682 0.00113909470144552 0.9999981839486849,1.419998958749403 0.9924818073155564 -0.3761916241379595,5
2,453,9,1,0.9999989579191305 -0.0014436530013578752 -5.163779067243746e-06 0.0014436485462902826 0.9999986552023779 -0.0007781210133341321 6.287108859318047e-06 0.0007781127477869965 0.999999697250466,0.3227019384625187 0.7932212300661945 -0.19593309266224423,5
2,473,9,1,0.9999995450093568 -0.00023662128570911545 0.0009241165769378612 0.00023896667580675102 0.9999967489546466 -0.0025386955442619485 -0.0009235128631892298 0.0025389152222465294 0.999996350510084,-0.8661807091911697 2.421608951878035 -0.35422586853519533,5
2,474,9,1,0.9999988467963205 -0.0013443257790072827 -0.0007065367847983173 0.0013437553429004323 0.9999987713540776 -0.000807224821592345 0.0007076210898517288 0.0008062744781187625 0.9999994245967637,0.73432352067951 0.3883065056418502 -0.1361184223917462,5
2,476,9,1,0.9881558819669506 0.017853633256568024 0.15241128801259388 0.007899234639634711 0.9859738795388227 -0.16671265986502434 -0.1532499756157429 0.16594202796971996 0.9741548584937977,-154.61507315098396 185.04038008687667 71.42358956063515,5
2,477,9,1,0.9999942118158895 0.0011704959393017689 0.0031947259620925816 -0.0011702800278514947 0.9999993128102845 -6.945224616915213e-05 -0.003194805060281858 6.571312017861208e-05 0.9999948944381727,-3.3163487587668214 0.3321255431374368 0.7286542048732372,5
2,480,9,1,0.9115122423229932 -0.36060616079660496 -0.19775901721752148 0.3910341794469548 0.9088724365724644 0.14506262283261567 0.12742724433790975 -0.20955689164130212 0.9694576868363475,114.86627217324843 -321.73615870473975 -141.10391456647557,5
2,491,9,1,0.9999994202286274 0.00030763310910447705 -0.0010319419941673402 -0.00030863768053607243 0.9999994785603424 -0.0009734586924563526 0.0010316419879475847 0.000973776624255851 0.9999989937364409,1.0454949923881642 0.9557657053505721 -0.06425792182881196,5
2,494,9,1,0.99999856847819 0.0010852150988575893 0.0012982102140952217 -0.0010858367507779465 0.9999992961203152 0.00047824410540026063 -0.0012976903025872788 -0.00047965306514413664 0.9999990429659495,-1.550365369871031 -0.6441108885336178 0.009227506792399254,5
2,499,9,1,0.9999989323176313 -0.001367010022130466 -0.0005163789290279774 0.0013671003405320015 0.9999990502762142 0.00017459475756900766 0.0005161397658271227 -0.0001753005129670332 0.9999998514347251,1.0341799401307838 0.1149687582466754 0.16509818064287174,5
2,501,9,1,0.9999997488627375 -0.0006656515563272514 0.00024327447152660414 0.0006656711470233723 0.9999997752042653 -8.045709348381176e-05 -0.00024322086045012667 8.061901407449557e-05 0.9999999671720936,-0.11716802290794703 0.006509816756761211 0.05390298825136597,5
2,503,9,1,0.9999992224142811 -0.0012418922655153541 -0.00011346556466379498 0.0012417820062834428 0.9999987617346155 -0.0009666988593507175 0.00011466595999998219 0.0009665572081628271 0.9999995263093284,0.25717129777328296 0.9381612323138739 -0.05235210412001834,5
2,521,9,1,0.9999999050162299 -0.000247528372842587 0.0003587439701664974 0.00024754932124559925 0.9999999676572748 -5.835051550406867e-05 -0.00035872951515558693 5.8439316787839424e-05 0.9999999339489887,-0.3243358979733699 0.13977114515203937 -0.08340859284805902,5
2,532,9,1,0.9999983988606692 -0.0017871400758452394 9.168667594660132e-05 0.0017870152372366777 0.9999975000409264 0.001344056709719807 -9.408846434381599e-05 -0.001343890712210749 0.9999990925521451,-0.13184143921478153 -1.4402765800099728 -0.02754471156947602,5
2,535,9,1,0.9999996741478989 -0.000805781332174571 -4.919899145371803e-05 0.0008057857304275551 0.9999996713546047 8.94429385449036e-05 4.912690383455237e-05 -8.948255324492393e-05 0.9999999947897101,0.03640803312674734 -0.24993056843027261 -0.04680094342575103,5
2,540,9,1,0.9414901425864737 0.3350970243159446 -0.0361427130567334 -0.33689358697450356 0.9388191954764387 -0.07156276448283572 0.009951003364236651 0.0795518855815007 0.9967810567183099,40.34680231548221 51.444014467112275 108.27263041991681,5
2,560,9,1,0.9999998772317579 -0.00022750768145868294 -0.0004402007772456029 0.00022769336289868436 0.9999998851174274 0.00042180666753571794 0.00044010476241723717 -0.00042190684654680455 0.9999998141511879,0.3458787134966599 -0.34764167518696354 -0.039850333853223674,5
2,563,9,1,0.9999999359892033 0.00035316202311935774 5.7429738741732184e-05 -0.00035313121063483555 0.9999997941871631 -0.0005356528539275096 -5.761889916755525e-05 0.0005356325394067357 0.9999998548889122,-0.031118407145953597 0.5488743978943091 0.0171678501195629,5
2,571,9,1,0.9999997170163667 0.0006620118397276387 0.00035736187698320876 -0.0006620357380792141 0.9999997786258525 6.676022317936292e-05 -0.0003573176018144275 -6.699679062160957e-05 0.999999933917779,-0.3865677243443626 -0.060683478360857634 0.05209553958502511,5
2,589,9,1,0.999999750014726 -0.00024302738949139036 -0.0006640091674498527 0.00024311506064628174 0.9999999617414036 0.0001319555241589554 0.0006639770732390637 -0.00013211692180115087 0.9999997708397567,0.6042357080892344 -0.014803317795227144 -0.009630346135850232,5
2,603,9,1,0.9999998806989934 0.00031047886127988367 0.0003771006199616289 -0.00031072834621348466 0.9999997327945989 0.000661708869507116 -0.00037689507258212296 -0.0006618259664162296 0.9999997099682059,-0.13532989456638234 -0.5566128650901376 0.12212866712707182,5
2,607,9,1,0.9999998147842648 0.00057607808997856 -0.00019638093697755404 -0.0005760364881999547 0.9999998116543501 0.00021183302447769226 0.00019650293235404237 -0.00021171986265744458 0.9999999582806485,0.2610080595767954 -0.10014617404104698 -0.07570958294377306,5
2,611,9,1,0.9999994220544716 -0.0009196842970091788 -0.0005568406573930624 0.0009190947310073975 0.999999017842605 -0.00105810146136881 0.0005578132297866197 0.0010575890605294402 0.999999285174635,0.5240575862526669 0.7172553460346052 -0.06105813053204656,5
2,615,9,1,0.9999979305708888 0.0013425421988583763 0.001528539951864527 -0.0013416779385420075 0.9999989396013704 -0.0005663006667792903 -0.001529298613545671 0.0005642486865281571 0.9999986714337028,-1.1198182756330368 0.6293662112522895 0.18147309827372737,5
2,625,9,1,0.9999993184558802 0.0011468026175646684 0.00021893271204403986 -0.0011466173193495077 0.9999989859354071 -0.0008446282500062102 -0.00021990111192021766 0.0008443766423150284 0.9999996193357218,-0.13612373537356603 0.68860399861763 -0.09855925460237813,5
2,642,9,1,0.9999999120047898 7.381243218007247e-05 -0.00041296747845200044 -7.388822138243087e-05 0.9999999804320908 -0.0001835111693821445 0.0004129539249653619 0.00018354166666650906 0.9999998978907514,0.34092541671854804 0.2493567135976491 -0.047216188944048554,5
2,648,9,1,0.9999992467529519 0.0011875412057427148 -0.0003102247780028544 -0.0011872155609141122 0.9999987463272592 0.0010477896362383055 0.0003114686824503554 -0.0010474205433098072 0.9999994029485542,0.13495314831399696 -0.6259948517909066 -0.008778750393616974,5
2,649,9,1,0.999999818084455 -0.0002000034216414759 -0.0005690603558934915 0.0001993033070449568 0.9999992235778471 -0.0012300901979021006 0.0005693059363110486 0.0012299765585185307 0.9999990815237864,0.4266478205202304 0.909687223784438 -0.039456517099779376,5
2,650,9,1,0.9999993103005633 0.0009470137514927465 0.0006946678001831033 -0.0009486066776454513 0.9999969134745136 0.0022963420516655675 -0.0006924909885723876 -0.0022969994343943756 0.9999971221207737,-0.6990316574788977 -1.5759260900947396 0.3743087592448546,5
2,652,9,1,0.9999986935629672 -0.0015316127984015826 0.0005167539018346434 0.0015308808885912129 0.9999978287905924 0.0014137955320935314 -0.0005189181671844678 -0.0014130025963861592 0.9999988670731577,-0.2933270742059122 -0.953405955159397 0.10481682883414578,5
2,667,9,1,0.9999995018890937 0.0008921638319436265 0.0004475100693295264 -0.0008920506511076454 0.9999995701060174 -0.0002530482507218483 -0.00044773563744468503 0.00025264892302698586 0.9999998678506519,-0.3698805531212983 0.08964406336509967 0.025383114450164612,5
2,669,9,1,0.9999971179903592 0.0012899235991787328 0.0020248723620083786 -0.0012895032690536934 0.9999991467758423 -0.00020887533443603168 -0.002025140067561493 0.00020626365292580884 0.999997928129359,-1.4927297977464775 -0.08873348193363384 -0.40671107738955925,5
2,679,9,1,0.9999994953365571 -0.00017152709638851293 -0.0009899015547688017 0.0001723271272008886 0.9999996585874183 0.0008081636028351435 0.0009897625948480093 -0.0008083337818758363 0.9999991834829187,0.6849844915173122 -0.5229054622305824 -0.07411954159499601,5
2,691,9,1,0.9334425649787568 -0.13520296208505417 0.3322726845970173 0.2087852590530504 0.9579692705371726 -0.19673228588268932 -0.29170823349372943 0.25301192807831235 0.922437678524715,-337.46222497842734 180.78615243211658 24.886442811282194,5
2,695,9,1,0.9999997188298448 -0.00035570726502818194 0.0006601610202484 0.0003560672031512721 0.999999787991791 -0.0005451903535280689 -0.0006599669521191033 0.0005454252619249145 0.999999633477386,-0.3406619405690412 0.2815112350840536 -0.06538778013521096,5
2,703,9,1,0.9999998216113264 -0.00028034481948083917 -0.0005274316047371164 0.00027961637708764225 0.9999990077686405 -0.0013806796937007593 0.0005278181478024502 0.0013805319688887097 0.9999989077691464,0.6215073167799687 1.1701718706999031 -0.3690267346502196,5
2,708,9,1,0.9999998220063093 -0.0005964836648718747 1.3949441178134903e-05 0.0005964936502893259 0.9999995577390974 -0.0007271292427219467 -1.3515714293380054e-05 0.0007271374340506731 0.9999997355442042,0.21427084357250692 0.6581218420729158 -0.2132650365184645,5
2,711,9,1,0.9864436746367239 -0.15416332749645056 0.05623651148870441 0.15151566565789742 0.9872559456633816 0.04866930051424638 -0.06302285164479118 -0.03948881116878322 0.9972305420328016,-54.129543473115966 65.08083105918143 40.46177135918744,5
2,740,9,1,0.9999999720968711 -0.0002169223748044874 9.354646251159057e-05 0.00021700695428395617 0.9999995668656213 -0.0009050837264235612 -9.335008908209833e-05 0.0009051040014017575 0.999999586036168,0.009686082066878043 0.7953450625097673 -0.36261341384715706,5
2,750,9,1,0.9999994944717974 0.0004859607320157888 -0.0008802830888336999 -0.00048610262400738957 0.999999868894466 -0.00016098226441918495 0.0008802047423645543 0.00016141009095776981 0.9999995995931168,0.6198976997345937 0.21810871049697766 -0.08195712847305003,5
2,754,9,1,0.9555113285689263 0.1087761675101895 0.2741639041855102 -0.08104028794086111 0.9905588152965753 -0.11056991077462457 -0.28360284326308943 0.0834324806058249 0.9553054215658213,-226.44376836604818 117.68010328010104 104.16718993390998,5
2,756,9,1,0.9999996733920887 -0.0003781764459253878 0.0007142816618580239 0.0003774549627956966 0.9999994187672644 0.0010099469715935672 -0.0007146631848501672 -0.0010096770325788706 0.9999992349041184,-0.6058395370525886 -0.8542604443204596 0.12136262037734014,5
2,757,9,1,0.9999993456568022 0.0001880417923727229 -0.00112841758706278 -0.00018852928317143747 0.9999998889500652 -0.0004319219439109512 0.001128336242375405 0.0004321344010442818 0.9999992700583251,0.9148782751429536 0.393452155194435 -0.14486370664656079,5
2,758,9,1,0.999999912235093 0.000383050100442886 0.000169712775463432 -0.00038300711971766405 0.9999998945936351 -0.0002532158454214284 -0.00016980975192960532 0.0002531508219966727 0.9999999535396533,-0.17498783278026764 0.289347192834537 -0.03121232098760629,5
2,761,9,1,0.9999980016838694 -0.0004954196655064247 -0.0019367982921094096 0.0004986220707707267 0.9999985089532213 0.0016533201039256595 0.0019359763169598532 -0.001654282530444362 0.9999967576672492,1.7556572143670532 -1.3369317543173622 0.42057370421343876,5
2,762,9,1,0.9999995272004469 0.000607192282078936 0.000759550141020339 -0.0006079821102608352 0.9999992743112265 0.0010400647938517693 -0.0007589180705075693 -0.0010405260950069328 0.9999991706740603,-0.8084837453824676 -1.055501312587424 0.269235169584249,5
2,764,9,1,0.9999997051614304 -0.0007679042797764796 2.6116157755828873e-07 0.0007679038967860624 0.9999994495723721 0.0007149675227987595 -8.101880542565887e-07 -0.000714967111451803 0.9999997444106538,0.028066927334180036 -1.0985717889145405 0.2414306539055815,5
2,768,9,1,0.9999983095664104 0.0003115121970255312 0.0018121325760041135 -0.00031317183500219337 0.999999531766637 0.0009156363407055446 -0.001811846495614916 -0.0009162023017672272 0.9999979388906851,-1.9769530525889536 -1.1328430899434956 0.3219103628764515,5
2,769,9,1,0.9999999770584547 -9.624098530609804e-05 -0.0001913655204351071 9.637820390050178e-05 0.9999997381892941 0.0007171698437069551 0.00019129644920096514 -0.000717188270719149 0.9999997245232886,0.16130520056546516 -0.8480544669431289 -0.14606778134634624,5
2,770,9,1,0.9999992801070493 0.001197607099856543 7.431431607984526e-05 -0.0011975487939651086 0.9999989789476753 -0.0007797310388254694 -7.524805162908293e-05 0.0007796414824829956 0.9999996932483981,-0.022941202102629177 0.8834036754432342 -0.03603683710377936,5
2,773,9,1,0.999999916594868 -0.00036509968037626295 -0.00018306414316802966 0.0003654893252432456 0.9999976584376233 0.0021329643276862265 0.0001822849699176926 -0.0021330310577761247 0.9999977084727225,0.20765498919513448 -2.364982332054211 0.15843589287624127,5
2,775,9,1,0.9999999676087132 -3.981817510956276e-05 0.0002513903073959878 4.000484552807437e-05 0.9999997234792085 -0.0007425908162085326 -0.00025136066927020084 0.0007426008489850866 0.9999996926808498,-0.3242883858372352 0.6774053808919547 0.016571510631365527,5
2,785,9,1,0.9999995122982971 -0.00017179167926756334 -0.0009725691678685311 0.00017062045689944516 0.9999992603819534 -0.0012042110306399456 0.0009727753219735402 0.0012040445031484825 0.9999988019917864,1.1297669347800365 1.3227789576521047 -0.352446413713551,5
2,788,9,1,0.9999999164552922 -0.00032399577975118776 -0.0002492311063704289 0.00032398523774078425 0.9999999466205569 -4.2337343194892574e-05 0.00024924481018723244 4.2256592458517206e-05 0.9999999680457028,0.19104851280110324 -0.05358703333632775 -0.1139692579987468,5
2,791,9,1,0.9999994666316988 0.0001641361740857064 -0.0010197036992784791 -0.000165045057847292 0.9999995891710369 -0.0008913012322619984 0.0010195569855805942 0.0008914690539264525 0.9999990828928194,1.0239016706711652 0.9930227116700472 -0.22294771002248126,5
2,794,9,1,0.9999999926591311 -1.8989246157584405e-05 0.00011967099353205057 1.903858141504705e-05 0.9999999148355747 -0.0004122697863053748 -0.00011966315464795318 0.00041227206164487495 0.9999999078562345,-0.15709215258232234 0.4580508745453429 -0.03156420770653767,5
2,801,9,1,0.9999987377510893 0.0013931820476567186 -0.0007638979055528683 -0.001394399793275894 0.9999977543539059 -0.0015959123917496654 0.0007616727936148732 0.0015969755563929877 0.999998434760589,0.7076526364020168 1.563331467673862 -0.0984997519517492,5
2,803,9,1,0.9999999605146165 0.00024336924501106299 0.00014050685590318024 -0.00024322139643302015 0.9999994177934437 -0.0010513116218260413 -0.0001407626310148402 0.0010512774060408977 0.9999994375006904,-0.166422235488767 1.108083711628126 -0.2075221961073339,5
2,804,9,1,0.9999999263378314 0.00033609011031601743 -0.0001853854638717567 -0.00033621102455688723 0.9999997305465224 -0.0006525864163522965 0.0001851660860786586 0.0006526486969182788 0.9999997698815737,0.16714566905602535 0.645746181438966 -0.04924017459825336,5
2,808,9,1,0.9999998235191223 -2.7342561353227435e-05 0.0005934762928357651 2.7252134305488784e-05 0.999999988019442 0.00015237597795222935 -0.0005934804520753845 -0.00015235977756533625 0.9999998122837084,-0.5949739721475851 -0.2627614391513333 -0.004465699568072523,5
2,809,9,1,0.9960694478550738 0.039172691199908155 -0.07944278012409099 -0.030003740634372972 0.9930858862753378 0.11349096011873083 0.08333925004242132 -0.11066129741188979 0.9903578376816552,71.5100282241076 -109.9807782086995 29.02293717721625,5
2,819,9,1,0.9999993922957839 0.0009015657162861207 -0.000634497693501837 -0.0009022657823739358 0.9999989836390739 -0.001103919053542235 0.0006335017930510084 0.001104490868243213 0.9999991893873718,0.4012732643097081 1.2011578951097022 -0.23901584050156544,5
2,821,9,1,0.9999998132689831 9.045576437721747e-05 0.0006043837804727836 -9.037395309746676e-05 0.9999999867511742 -0.000135389068322056 -0.000604396019187381 0.00013533442248908623 0.9999998081950047,-0.5351694221401431 0.23107593209837773 0.09125257718301327,5
2,828,9,1,0.99999943322289 0.0010600013054440915 -9.975535566469906e-05 -0.0010600166469230676 0.99999942634512 -0.00015386402685488298 9.959220237024113e-05 0.00015396968198573557 0.9999999831873646,0.01738967937176028 0.2813316920895659 -0.0496654963334322,5
2,837,9,1,0.9999997671760735 -0.0004719921033846386 0.0004928196969644083 0.00047154787749718874 0.9999994828091017 0.0009011238137515143 -0.0004932447654067695 -0.0009008912158661175 0.9999994725521701,-0.5881317933639423 -1.0419974942597463 0.10733600046671654,5
2,840,9,1,0.999999969771239 4.5206230575092765e-05 0.00024168971543414575 -4.5349584578302515e-05 0.9999998230523975 0.00059315983423322 -0.00024166285814763988 -0.0005931707768308814 0.9999997948737254,-0.26203859063312507 -0.5641045125232935 0.08695951087645426,5
2,844,9,1,0.9581906979888632 0.08605777652596844 -0.27288210895370435 -0.0917086717447434 0.9957537743397652 -0.007996275065714029 0.27103524828780035 0.03268761214157568 0.962014248438167,313.15585145111686 39.92981689070085 -81.43582185212085,5
2,850,9,1,0.9999998234892953 0.000282309133528634 -0.0005228029571595419 -0.00028298736527111734 0.9999991179723545 -0.0012976797231670778 0.00052243614919463 0.0012978274407441925 0.999999021351723,0.5110393075382831 1.176051396118737 0.0923118663099558,5
2,856,9,1,0.9997518587052519 0.0056928394036041 -0.021536308757997807 -0.00509195497396106 0.9995990419828845 0.027853675905410324 0.02168624010607173 -0.02773710234370664 0.9993799878642938,15.196377096329968 -16.15756795211817 -0.2728381269523652,5
2,867,9,1,0.9999998505161649 -1.9613826787112654e-05 -0.0005464274384095469 1.9519141538359985e-05 0.9999999847955956 -0.0001732853477945384 0.0005464308288903319 0.00017327465609662251 0.9999998356946076,0.46240405835357024 0.14399029699067967 -0.09072304474182147,5
2,871,9,1,0.9999998659152718 -0.00017911923222292334 0.00048588654973351353 0.00017875834674711474 0.9999997082374802 0.0007426778626195285 -0.0004860194358586589 -0.0007425909067613479 0.9999996061718486,-0.40569983786879504 -0.6638816098692999 0.1003798916009373,5
2,877,9,1,0.9999977087143583 0.000654459218607812 0.0020381975286209823 -0.0006496918843890524 0.999997054000867 -0.0023387796056577592 -0.0020397221599658087 0.002337450046452305 0.9999951879188178,-1.7169961296884786 2.0714315031987383 -0.49891066581619725,5
2,883,9,1,0.9999995789812337 -0.00038384819306480633 -0.0008334854044355078 0.000384070869361014 0.9999998905951561 0.00026701918102189914 0.0008333828184174386 -0.00026733918606514084 0.9999996170013452,0.6873730951745216 -0.26592642063758376 -0.040544585040834136,5
2,886,9,1,0.9999995620141233 0.0008320095105205927 0.00042863940083499863 -0.0008316809126158731 0.9999993606100614 -0.0007662155883587721 -0.0004292766254239133 0.0007658587615591989 0.9999996145908938,-0.33838775026474366 0.6882300648159116 -0.05776825930081486,5
2,894,9,1,0.9737250422169328 -0.22772163585292274 0.0015487814887126129 0.22630563537305406 0.9683841964891573 0.10496574388078733 -0.025402786422535274 -0.10185727541279323 0.994474632098502,-58.69021287539086 -131.63942663085334 -86.91160832810313,5
2,902,9,1,0.9999008885180567 -0.01326763459825303 -0.004709884602303649 0.013292081697852107 0.9998981465123251 0.005197803897157349 0.004640442321309474 -0.00525989290603196 0.9999753996082494,2.5060106784801235 -7.294606871900896 -0.12850312965827015,5
2,903,9,1,0.9943075950025196 -0.060806743724622095 0.08749255075669345 0.07737421862319531 0.9766181238093264 -0.2005748502170739 -0.07325050725254015 0.20620276468747872 0.9757636922034388,-75.54183168220484 199.78460719691248 -44.668553719191266,5
2,904,9,1,0.999999865543406 0.0005021289040870874 -0.00012953661773590364 -0.0005021128770496819 0.9999998662869148 0.00012372878844799096 0.00012959872821632912 -0.0001236637298079879 0.9999999839557263,0.05879888059928362 -0.016738651567322904 0.10692803676658968,5
2,907,9,1,0.999997740924281 -0.0007658269964341069 -0.0019828402219719543 0.0007717503334936926 0.9999952373421623 0.0029882594291681178 0.0019805422886394197 -0.0029897829360662903 0.9999935693044423,1.6120696165904462 -2.453869243534342 0.2656279638807746,5
2,909,9,1,0.9999998401879822 0.0004256666631653472 0.00037206437959041994 -0.0004258645832889707 0.9999997677895492 0.0005320340256727007 -0.00037183782404470733 -0.0005321923896891567 0.9999997892539247,-0.21433565031806268 -0.3666382437964586 0.18557007056597286,5
2,918,9,1,0.9999998602932376 0.00047339766135831747 -0.00023517686811146826 -0.0004732705568757378 0.9999997420857426 0.0005402253490574271 0.00023543254887287146 -0.0005401139712970099 0.9999998264241914,0.20241653093847845 -0.43385227671787163 0.14619997397403495,5
2,925,9,1,0.9999998094624982 -0.0006150786313573464 -5.2471367314732564e-05 0.0006150418261868795 0.9999995668481692 -0.000698589311130926 5.2901031943719534e-05 0.0006985569059376751 0.999999754609835,0.034687979503914335 0.3909583946396884 -0.009546593088316513,5
2,934,9,1,0.9999997053694996 -0.00034282709738472916 0.0006868263938488162 0.000341948041631103 0.9999991228608271 0.0012795894316164763 -0.00068726446933709 -0.0012793541956699628 0.9999989454596394,-0.43026663819645705 -1.0767362698667036 0.21429718970421163,5
2,942,9,1,0.9606707655173442 -0.14807843404602855 0.23491372384515463 0.14024910731218126 0.9888636041258435 0.04978915879371454 -0.23967033228678436 -0.01488454922815901 0.9707402237549544,-219.35530399576203 30.088268207490497 -77.58363655093983,5
2,952,9,1,0.999999595908049 0.0008989104186092611 -1.1991603933780848e-05 -0.0008989256395566803 0.99999870322805 -0.0013362166413994347 1.0790449322783946e-05 0.0013362268810050426 0.9999991071902458,-0.004298852344625459 1.1043536358430472 0.07473523909970936,5
2,956,9,1,0.9999995578278721 -0.00014111079902678902 0.0009297482475926853 0.00014258652183601894 0.9999987299884444 -0.001587353326563408 -0.0009295230741053206 0.0015874851942487972 0.9999983079373753,-0.6043794255433639 1.0931312238521613 -0.14571898873566624,5
2,961,9,1,0.9999998090608482 -0.00025608028450968545 0.0005624065759854829 0.0002559220119581762 0.999999927638125 0.00028147410283191343 -0.00056247861525692 -0.00028133011686509724 0.9999998022355678,-0.48199494688827826 -0.30920455063815666 0.0618008564684942,5
2,968,9,1,0.9999994245880207 0.001034172757305607 -0.0002851496711966939 -0.0010341951527035598 0.9999994621465456 -7.840283739096732e-05 0.00028506843574926943 7.869769268532834e-05 0.9999999562713291,0.31827765805843455 0.15635982844705154 0.08282484027154169,5
2,969,9,1,0.9999995494265275 -0.0009386487204921662 -0.00014172269939238813 0.0009386396321462154 0.9999995574181509 -6.41805662529027e-05 0.000141782879673924 6.404751079241988e-05 0.9999999878977661,0.056043016012722546 -0.12778783537773108 -0.035932290081291285,5
2,972,9,1,0.9999997404428094 -0.0005015967008052957 0.0005172185837843679 0.0005023150631985329 0.9999989082034892 -0.0013897019127082355 -0.0005165209491923978 0.0013899613586866588 0.9999989006061609,-0.1649353486585312 0.7783668198079141 0.012782027285652475,5
2,982,9,1,0.9999994189422727 0.0010195636935163566 -0.0003501499560975424 -0.001019387530246052 0.9999993539607792 0.0005029185693064542 0.000350662487400899 -0.0005025613385825078 0.9999998122339426,0.18589343532713087 -0.3303390095957326 0.05077423787417956,5
2,984,9,1,0.9991802668033057 0.007534457907786243 -0.03977469515797569 -0.004763085548675161 0.9975833029916713 0.06931714512502091 0.040200838883412554 -0.06907087328435163 0.996801438109319,24.52794099780868 -38.64253880477622 4.572871128109114,5
2,991,9,1,0.9999995243292499 0.0005854449854719723 0.0007801252745347625 -0.0005836134748833932 0.9999970781249586 -0.0023458765650226088 -0.0007814963767778654 0.002345420157535416 0.9999969441291802,-0.45499869659511205 1.7058117587744555 -0.056128696330461025,5
2,1001,9,1,0.9998466430380673 -0.002131908895072393 -0.017382329244694884 0.0023095018088147568 0.9999452789501011 0.010203200811455917 0.017359625770820807 -0.01024178060040948 0.9997968540274719,8.32484375550493 -5.714591483168391 -2.701858311200226,5
2,1012,9,1,0.9930762149775147 -0.05884644208795604 -0.10166969803988812 0.062322015500911945 0.9975635732695979 0.03135097557485589 0.09957709390134514 -0.03747016865694533 0.9943240864179965,112.37815457756247 -43.716153441176886 -7.355770062757074,5
2,1038,9,1,0.9999997444286569 -0.0005607622833677245 0.00044349552736779735 0.0005606916775592469 0.9999998301223633 0.00015931128938789785 -0.0004435847877900245 -0.0001590625844214988 0.9999998889658085,-0.706261434781652 -0.24891693432911666 0.005650077938867071,5
2,1050,9,1,0.9999780629235984 0.00042630699963637497 0.006609987436492937 -0.0004286070874500725 0.9999998480964247 0.00034655893173003716 -0.006609838691914172 -0.0003493844167035687 0.9999780937415564,-7.509323856283743 -0.5084145585929196 1.5745332631497604,5
2,1057,9,1,0.999994515880744 -0.0029060247100423098 -0.0015884674441487556 0.0029133399821416606 0.9999850724065398 0.004622490047149708 0.0015750106618538373 -0.004627092442578196 0.9999880546071254,2.053688617544381 -5.67400483131177 -0.04255854342886778,5
2,1061,9,1,0.9999826547931276 0.004262733819802966 0.004064383504343544 -0.004250617689435299 0.9999865107944178 -0.0029850424559432487 -0.004077053120469243 0.0029677145393443294 0.9999872850732979,-4.677031849966378 2.814701815258175 -0.5381720160528403,5
2,1069,9,1,0.9999989664917273 -0.0008414638118591118 -0.0011657418803349695 0.0008420995706125041 0.9999994969297463 0.0005449849256978015 0.0011652827087920148 -0.0005459660331880722 0.999999172018307,1.138550675824547 -0.44342505261350595 0.18777985738506686,5
2,1071,9,1,0.9999975421702652 -0.0007192762992506846 -0.002097211251745279 0.0007188745016915438 0.9999997231134813 -0.00019233411608683 0.0020973490124269745 0.00019082601166875435 0.9999977823538179,2.4176903478300744 0.14245462402127096 -0.26451749801935875,5
2,1087,9,1,0.9999999283463938 -3.139623151715565e-05 -0.0003772551975282923 3.1406542333828336e-05 0.9999999991334799 2.7325252552667934e-05 0.0003772543392916994 -2.733709887564606e-05 0.9999999284659208,0.4044016090062712 0.05428874932023575 0.020959341320804015,5
2,1098,9,1,0.9999840745900435 -0.00383253305897141 -0.0041427354061506876 0.00384042901345627 0.9999908210719919 0.0018997043864844212 0.004135416700417172 -0.0019155840141620636 0.9999896143793688,3.9687647919816698 -2.2077050558992823 -0.8931641983251666,5
2,1099,9,1,0.9771829035545219 0.11377104299407426 -0.17935920042416248 -0.0733741822748647 0.9732738769678121 0.21761017850169556 0.19932336134093603 -0.19948461140670803 0.9594144502954215,198.4398466332686 -203.88617712454973 15.967988573757566,5
2,1103,9,1,0.9999985504296051 0.0016496304556000707 0.0004217322005632476 -0.0016493132088427065 0.9999983575120783 -0.0007514912414877395 -0.0004229711907121972 0.0007507945836595364 0.9999996287013635,-0.2233004353185919 0.83132358390462 0.39478772930260675,5
2,1107,9,1,0.9999979066060767 -0.0016011953796796208 -0.0012739532252925012 0.0016016124131539855 0.9999986641491353 0.00032640101536290933 0.0012734288916839143 -0.0003284407113766652 0.9999991352524042,1.2212624038868398 -0.5851986176729014 -0.1248380918739258,5
2,1117,9,1,0.9999998296329398 -5.085466896018187e-05 0.0005815048532822886 5.104298566946386e-05 0.9999999462632406 -0.0003238334899373363 -0.000581488353589843 0.00032386311651069755 0.9999997784919639,-0.5062976815020761 0.2761778468624527 0.08755131531177085,5
2,1123,9,1,0.9999956632332383 -0.0022310860808829845 -0.0019224384554422658 0.002232306245574918 0.9999973081926455 0.0006327845507151106 0.0019210214838053519 -0.0006370732778469852 0.9999979519049508,1.9104425461946803 -0.5899589903595341 -0.04805621341506594,5
2,1131,9,1,0.9999918802236784 0.002041004147456338 0.0034747357858865846 -0.0020303702606321306 0.9999932535299272 -0.0030611258116750584 -0.0034809601141633784 0.003054045955814655 0.9999892778025083,-3.5559948074266856 3.3268743192211616 0.5782866278156007,5
2,1144,9,1,0.9999829145685275 -0.004322776606917378 -0.00393499344840792 0.004321779804622061 0.9999906267999549 -0.00026178531975032393 0.003936088204383403 0.00024477467181807655 0.9999922236172669,3.7446848229892282 -0.20420975930568375 -0.3477109475261386,5
2,1148,9,1,0.9999980239182852 -0.0005357888279923229 0.0019144424399650806 0.0005375607163947138 0.9999994275693764 -0.0009251429051724824 -0.0019139456628461393 0.0009261702060636701 0.9999977395078194,-1.4638233352239212 0.7367757881206103 0.1383521565905994,5
2,1151,9,1,0.9999998745767036 0.0003724437909473355 0.00033486146464933864 -0.0003726243179768274 0.9999997852023984 0.000539208934551616 -0.0003346605677021497 -0.000539333644447304 0.9999997985607426,-0.2916887618712991 -0.3826359080139434 0.05698698298306226,5
2,1157,9,1,0.9999988896761994 -0.00025250754720603993 -0.001468634163522723 0.00025252780976229433 0.9999999680222161 1.361145210199144e-05 0.0014686306795648786 -1.3982307958015916e-05 0.9999989214636292,1.4148489839016776 -0.05219897121000372 -0.07944217665885844,5
2,1168,9,1,0.9999994663481624 -0.00012035446528929628 -0.001026069292692 0.00012123250443035749 0.9999996265301005 0.0008557115981578933 0.0010259659207744187 -0.0008558355344556734 0.9999991074693353,0.8851245367965248 -0.8109714307585989 -0.1148048603126881,5
2,1169,9,1,0.9865063755275443 -0.135005974292373 0.09262050501306948 0.13290840762290196 0.9907190044503583 0.02848173807961387 -0.09560609931721595 -0.015787372367128828 0.9952940433093572,2.7825413086802016 -64.02234290861372 7.81974860566207,5
2,1180,9,1,0.9999993719424252 -0.0004012043827431658 0.0010464940511903942 0.000400624685780962 0.9999997662405025 0.000554092774452633 -0.0010467161110120915 -0.0005536731750997795 0.9999992989154535,-0.8261640366958289 -0.4658791477387183 -0.004489815691044896,5
2,1199,9,1,0.9999960402378796 -0.0018748926334324345 -0.0020986391244061237 0.001880662362535701 0.9999944484109107 0.002750682903637877 0.002093470238510392 -0.0027546188432023 0.999994014710783,1.5456078620808285 -2.383633778641098 -0.36826444782684575,5
2,1212,9,1,0.9708123749350606 0.23460924222983984 0.049818030202804287 -0.23260114975064583 0.9716233358793924 -0.042951115343833 -0.0584810893163322 0.030109743189571846 0.9978343377321874,-53.0048581230666 72.32599157620874 3.3209612049747648,5
2,3,8,1,0.7239923919127075 0.5909292288505268 -0.3558618593536546 -0.6719672873737659 0.720741921752351 -0.17026757450633936 0.1558684738876369 0.3623999568416796 0.9188967788218049,491.7368350159221 97.19739873154096 165.3220891478942,5
2,8,8,1,0.9999999178049057 -0.0001192287954922544 0.0003875237749400018 0.00011927646695020222 0.9999999853227027 -0.00012299478778420025 -0.0003875091047316481 0.00012304100014133568 0.9999999173487999,-0.33416612324732853 0.19759058129984197 -0.07397056940567381,5
2,17,8,1,0.9999993291153648 -0.0007973453924750157 -0.0008402435037672129 0.0007974563161126519 0.999999673360936 0.000131686921962533 0.0008401382293504178 -0.00013235689110515508 0.9999996383246397,0.6918606185544292 -0.1310405274272881 -0.09795581710841361,5
2,27,8,1,0.9861932284169012 -0.062153124162287854 0.15349236261624802 0.06041475956349479 0.9980456237882029 0.01596839578989523 -0.15418486648026009 -0.006474719614382146 0.9880208018834314,-177.83146527512807 -46.8940507446346 44.696993088220324,5
2,36,8,1,0.9999998197032129 0.0003372474335370246 -0.0004968477738872823 -0.0003371934500313589 0.9999999372389892 0.00010873176251943034 0.0004968844122123783 -0.00010856420910072134 0.9999998706598385,0.5082793870189448 -0.08344167661934776 -0.19482640593707856,5
2,38,8,1,0.9954727688256424 0.08140238582060128 0.04906748525575442 -0.07133797669182598 0.9810339510367418 -0.1802311848564412 -0.062808117374478 0.17591486149826607 0.982399665052834,-38.27263629709336 192.05867685111448 27.769375194163786,5
2,39,8,1,0.9588722097505556 0.27135369739157256 -0.0832541667426415 -0.27965052398803036 0.9533707745366964 -0.11348898930082021 0.048576432570829546 0.13210350930700174 0.9900449449532417,-48.80823913059919 37.33805225769947 -62.44209688227288,5
2,41,8,1,0.9999997515067921 7.688160236651864e-05 -0.0007007678461162237 -7.627389814812702e-05 0.9999996210878008 0.0008671831110474426 0.0007008342510141374 -0.0008671294452637368 0.9999993784587462,0.6624790828593063 -0.7159899682559541 -0.2320814108529703,5
2,47,8,1,0.9999998148793661 0.00037513175633996365 -0.00047907974264455033 -0.0003749812159143384 0.9999998803087353 0.0003142795006210175 0.0004791975815240934 -0.0003140997965364045 0.9999998358554846,0.44901753220881346 -0.11189421041773073 -0.20360114996287848,5
2,58,8,1,0.9999999773969211 0.0001898621065586914 9.57002519252903e-05 -0.00018984008099981464 0.9999999555055039 -0.00023010809259349507 -9.5743936474324e-05 0.00023008991964834635 0.9999999689458637,-0.0505710397792285 0.24705456713583374 -0.057724501684788265,5
2,61,8,1,0.9999998782708592 -7.943999142620561e-05 0.00048697798148705784 7.961436022105306e-05 0.9999999327294169 -0.0003580540679539723 -0.00048694950491540157 0.0003580927948089174 0.9999998173248483,-0.4890997125367278 0.15382401907831422 -0.019632165341135988,5
2,62,8,1,0.9999999787742453 -0.00017987948808058374 0.00010047327673556872 0.00017984491820594029 0.9999999246690279 0.0003439734659184679 -0.00010053514293781318 -0.00034395538900938716 0.9999999357936861,-0.0460395363062851 -0.25569014746207586 -0.2685598840594139,5
2,64,8,1,0.9999998884907122 -8.519114444044407e-05 -0.0004645008415017915 8.531450902515836e-05 0.9999999610964907 0.0002655719315188265 0.0004644781990542912 -0.00026561153056642306 0.9999998568552486,0.5164582778773532 -0.20886483214619034 -0.2236075684370462,5
2,65,8,1,0.9776468326413233 0.1443831475486257 -0.1528403655136351 -0.18339843720802082 0.9410929597788831 -0.28409339007495066 0.10281869409813232 0.305773687158615 0.9465361949684654,154.88849129862908 419.30158832788464 -5.585475962656574,5
2,69,8,1,0.7985842733703049 0.5309753688604071 -0.2834225043802564 -0.599636947645451 0.7425173858933979 -0.29850203125687647 0.051948910903587636 0.4083296331514397 0.9113551565368702,372.9380372605548 286.4111160926233 262.26575670985073,5
2,72,8,1,0.9999997712965532 -0.0006678110573217766 0.00010693565458325116 0.0006677981862738269 0.9999997697803358 0.00012035305643232075 -0.00010701600306683989 -0.00012028161747068555 0.9999999870399536,-0.11596349467728828 -0.06077557097636799 -0.12892993757373006,5
2,79,8,1,0.9844195473210299 0.09332407642019827 0.14902607695492276 -0.1008209718079017 0.9939508199708074 0.04355340541300548 -0.14406001005125452 -0.057899777544275305 0.9878736403327886,-144.32732353850264 -13.849171099040209 44.875469549860895,5
2,89,8,1,0.9566915824226204 -0.2870732159045425 -0.048271988066863336 0.28446764311433026 0.9571447022879627 -0.054333957182092954 0.06180110146818926 0.03824902080199562 0.9973553209689151,59.52584624935493 41.982101426246736 -8.760812351687946,5
2,96,8,1,0.999950329959352 0.009243680536691494 0.0037271952348717774 -0.008534709956543589 0.9872775923358947 -0.15877693282525487 -0.005147459581282543 0.15873723583826632 0.9873074463500642,-6.658468762134987 160.80138594451694 4.931256648391809,5
2,97,8,1,0.8413476400221542 -0.022806411524215427 0.540012977827885 0.03831570147938975 0.9991124207127781 -0.017500794198984912 -0.5391345431794317 0.035415227951278924 0.8414747209392957,-397.2594842824412 -67.34089189942095 240.22783932477446,5
2,102,8,1,0.9995506802179916 -1.1125359935582058e-05 -0.02997394788774818 -0.0006340836472115141 0.9997683015199101 -0.02151606873766554 0.029967242343589495 0.02152540713254872 0.9993190787902028,27.73577037690015 22.126271026404652 -1.992670061986587,5
2,107,8,1,0.9672084391887124 -0.1998320420209045 -0.1567641226297957 0.135652246164234 0.928255429789734 -0.3463240176142463 0.21472378366807007 0.3137021071775425 0.9249241507710981,196.88865144904565 348.1676382141411 81.08077182934483,5
2,110,8,1,0.6199053931058441 -0.20863677972165062 0.7564310925296944 0.17206409927066776 0.9766847530747258 0.12837771945915646 -0.7655790288013784 0.05057259394908895 0.6413510453728118,-585.146343132591 -93.45134420692939 340.09664121721653,5
2,115,8,1,0.903682787118925 -0.09911865977490608 -0.41657281662321516 0.06493294641233396 0.9933107022146018 -0.09548592218828805 0.42325067363819435 0.059239683915102564 0.9040738504759745,349.792498993912 100.86450900277627 -0.3832989541919005,5
2,119,8,1,0.9999994121966389 -0.0004594524812053802 -0.000982094596044647 0.00046011061192313685 0.9999996696931612 0.000670008801563593 0.0009817864344459915 -0.0006704602798757314 0.9999992932889555,0.565108955556525 -0.5712187487787901 -0.3726745031701739,5
2,124,8,1,0.9999999371861019 -0.0003471425598332578 7.155302770373712e-05 0.0003471500854355658 0.9999999342109804 -0.00010518960822501408 -7.151650720649272e-05 0.00010521444125734247 0.9999999919076553,0.024189740309452645 0.03730391831231117 -0.03536244104100206,5
2,126,8,1,0.999999799066867 -0.0001086673597819332 0.0006245459397574114 0.00010896088973955109 0.9999998836257064 -0.00046997457140600385 -0.0006244947961805795 0.00047004252805348673 0.9999996945330885,-0.6060329170345824 0.4317276406764563 0.18989496053075072,5
2,136,8,1,0.9096531131247154 0.40778245783812106 -0.07902329316103204 -0.4141645568750681 0.8759738912720054 -0.247259907057855 -0.03160591101348001 0.2576493914009531 0.9657214181635028,167.08621295123152 128.51985889332377 34.39673324118661,5
2,153,8,1,0.9999991343402854 0.0012338435094467054 0.0004571092592463022 -0.001234120976678705 0.9999990541140708 0.0006072202058247317 -0.00045635961216361487 -0.0006077838083042037 0.9999997111673318,-0.08031567173583198 -0.12115570017127197 -0.06809034420177795,5
2,156,8,1,0.9999996085242211 0.0007172884986237915 -0.0005181202700031834 -0.0007171060885886871 0.9999996808706216 0.0003521612017867012 0.0005183727058354556 -0.0003517895167240246 0.9999998037669172,0.4379206847215613 -0.2576965546128598 0.025635688158672565,5
2,162,8,1,0.9999999551026284 0.00021303821092749642 0.0002107355256545096 -0.00021306566293763374 0.9999999688184946 0.00013025372416342051 -0.00021070777006282349 -0.00013029861881969085 0.9999999693122527,-0.12709759358551764 -0.18962613199860812 0.01794213704397407,5
2,166,8,1,0.9999999874347386 3.5286287732014254e-05 0.0001545490205207209 -3.541971291524948e-05 0.9999996266412612 0.000863401865550173 -0.00015451849657192873 -0.0008634073287833721 0.9999996153258353,-0.12628864629695435 -0.8429586759214942 -0.21042856476844918,5
2,175,8,1,0.9999999429453182 0.00032138053960989454 -0.00010403801639411597 -0.0003213135261989908 0.9999997413317283 0.0006435014333279476 0.00010424479832026046 -0.000643467967791439 0.9999997875409751,0.09025715578139426 -0.58248465676553 -0.054166031115755686,5
2,176,8,1,0.9999995024794645 0.0009622738206361003 -0.0002628115663808883 -0.0009620823998624378 0.9999992725592175 0.0007275152873898461 0.00026351144411631416 -0.0007272620790537698 0.9999997008257495,0.42367364911167726 -0.5358318714405073 -0.15351301345992852,5
2,178,8,1,0.9999996841933427 -0.0005799874001086447 0.000543348719414527 0.0005801136105515192 0.999999804786391 -0.00023215378264346276 -0.0005432139670763503 0.00023246891331529795 0.9999998254383802,-0.4260113468833424 0.014483690928074111 0.1495722024887982,5
2,203,8,1,0.9999992797578094 0.0002960403317576743 0.0011631182158583497 -0.0002955235402145595 0.9999998575595301 -0.00044446232268266495 -0.0011632496289566419 0.000444118273749336 0.9999992248043292,-0.9076262791721774 0.48701621470480916 0.3210685505730453,5
2,207,8,1,0.9999984739444229 -0.0010016955099848152 -0.0014313332701650638 0.0010020217730300485 0.9999994721560076 0.0002272445209211063 0.0014311048848280605 -0.0002286784012341253 0.9999989498219473,0.6851497294813953 -0.1997230220120514 -0.1700352120082016,5
2,217,8,1,0.992706221672102 -0.08428561754426536 0.08619914227347239 0.06613476388650937 0.9785356985092354 0.19517704718721113 -0.10079955584810937 -0.18805270914885738 0.9769726854536924,-39.41420425714304 -211.63707703961074 34.17489427027135,5
2,219,8,1,0.6071307664314035 0.3468884193744822 0.7148850655568979 -0.22306212392457264 0.9379046197105364 -0.26566560408884954 -0.7626503270324319 0.00182998073984586 0.6468084181949216,-458.2741919323519 177.37309158408627 312.99283025692364,5
2,221,8,1,0.9994365975345894 -0.004999148875816206 -0.0331887935755622 0.003904257536323008 0.9994486165439749 -0.032973014139213094 0.03333533083042545 0.03282485946431612 0.9989050426940365,3.044808076217805 39.83498696591935 -2.096241523468507,5
2,224,8,1,0.8405156128315407 -0.5342073360872108 -0.09031072282419153 0.5359433192336684 0.795399816301266 0.28302630760533987 -0.0793615974840513 -0.28628945893713914 0.9548508169061076,80.16472520840574 -488.4462036713205 34.78186705542421,5
2,243,8,1,0.8979688848476571 0.08485152556333493 -0.43180099635715435 0.13460642386621471 0.881241007414571 0.45309535144922974 0.4189665768285169 -0.4649887154120266 0.7799054442944139,476.65619458740434 -435.7906489077586 -73.55977692719358,5
2,248,8,1,0.9999998961162613 -1.7974076838844777e-06 0.0004558116241052401 1.78939896440522e-06 0.9999999998440355 1.7570647089605596e-05 -0.00045581165561575654 -1.756982963562609e-05 0.9999998959635129,-0.3896453754948084 -0.02426639332017544 0.04541651968395399,5
2,249,8,1,0.993991555968584 -0.10936215894909812 -0.004550258580075572 0.10832818243358397 0.9769378590031816 0.18400387098351012 -0.015677740710618115 -0.18339121526472402 0.9829149864611582,9.910588433741225 -216.16987960772434 23.9201161657777,5
2,254,8,1,0.9757104769132123 0.14898470548378495 -0.16060081809785653 -0.17453730673094356 0.9717405781309952 -0.15892443919280416 0.13238502105940647 0.18309507460756208 0.9741408521633578,159.46779794988848 76.78810126422235 80.20908954979257,5
2,258,8,1,0.8986465282688171 0.13633987661013341 -0.41694826450812306 -0.26976683081098257 0.9212630465897107 -0.2801789713423262 0.345919462049479 0.3642606718192054 0.8646698148664728,253.9271266543973 440.42105881193737 -2.5968647711097645,5
2,263,8,1,0.993912715602681 0.1025877346348294 -0.04016553828592895 -0.10157450862980935 0.9944747058654798 0.026508085377492253 0.04266301630121136 -0.022266928307725857 0.9988413542419142,8.295968183743668 18.559034693880612 -7.977280085160487,5
2,266,8,1,0.9999999647520148 0.00012173818245564405 -0.0002359571653997583 -0.00012164003294501402 0.9999999061017242 0.0004159329819056756 0.0002360077781690395 -0.0004159042654081069 0.9999998856619785,0.11600169526670356 -0.2952689294152151 -0.1014582297754032,5
2,268,8,1,0.9999994410932111 0.0010103925791840052 0.0003113199346246806 -0.00101016624433109 0.9999992260125388 -0.0007263184438946607 -0.0003120535604331509 0.0007260035530609193 0.9999996877706596,0.008104436053685049 0.7250438267737707 0.09994676015639925,5
2,277,8,1,0.999999987650949 7.440700374297671e-05 0.00013842578599937427 -7.437336251517324e-05 0.9999999677058032 -0.00024301644896092267 -0.00013844386365496897 0.00024300615076858212 0.9999999608906528,-0.053640720225985206 0.15007448234842968 0.03829132054238471,5
2,283,8,1,0.9999997548560333 -0.0006987750220125433 -4.47363652649746e-05 0.000698795967438548 0.9999996454362727 0.00046990586782977295 4.440799092059189e-05 -0.0004699370142270398 0.9999998885935594,-0.12332584109768163 -0.2832021307853836 -0.11498650983264724,5
2,307,8,1,0.999999717361337 0.000562764506150254 -0.0004985713165648747 -0.0005627193078604209 0.9999998375519511 9.079125579136704e-05 0.0004986223296691919 -9.051067442394922e-05 0.9999998715917868,0.48025376157264077 0.09185273785061554 -0.03508097309520508,5
2,310,8,1,0.9968519403923345 -0.05262137668188521 0.05930598327438119 0.05284205786041794 0.9986005511194403 -0.002157828775816162 -0.059109439661650304 0.0052848860018608335 0.998237518891588,-60.783866196077405 -16.877870831718553 11.680094279886362,5
2,322,8,1,0.9741084186928947 -0.2032263182483148 0.09905479394185668 0.13124683694246572 0.8650799734751625 0.48416000173993157 -0.18408437311251302 -0.4586237053003771 0.8693544964583356,-167.84322918762388 -510.49389722442083 -31.52595391045722,5
2,326,8,1,0.9999998794333851 -0.000334206092975544 -0.0003597770181102758 0.0003342182311929197 0.9999999435819624 3.367857542441177e-05 0.00035976574222704866 -3.379881540277463e-05 0.9999999347131237,0.2916929895506382 -0.0009990473821233081 -0.040012670795931626,5
2,338,8,1,0.9999997200137911 0.0006005130800138536 0.0004464934277823296 -0.0006003592389479118 0.9999997604069704 -0.00034460816296132124 -0.00044670026251475425 0.0003443400100209826 0.999999840944404,-0.162802896458345 0.3518987619088705 0.14232458349965782,5
2,342,8,1,0.99999962635834 0.00023551235692421957 0.0008317554387630155 -0.00023526205691401514 0.9999999270209137 -0.0003010148353240795 -0.0008318262707756319 0.00030081904235686185 0.9999996087864028,-0.4237250296412185 0.2054658907007365 0.03835907242637404,5
2,356,8,1,0.4242843561521447 0.20698951874018914 0.8815543796364831 -0.3250806684363583 0.9434454669096056 -0.06506312301670501 -0.8451658678233114 -0.25897102173683645 0.4675774436037819,-448.6976822805393 75.48201876416918 302.94321771311434,5
2,362,8,1,0.999999711240777 -0.00036273060031909166 -0.00066779104048309 0.0003632764409617212 0.9999995999088014 0.0008174426362189124 0.0006674942618474233 -0.000817684992927302 0.9999994429211764,0.39814253454593995 -0.5629358812667675 -0.1959356376409005,5
2,365,8,1,0.9999998665359887 0.0005098372540354168 -8.363001666822356e-05 -0.0005098652236842915 0.9999998139847678 -0.00033476541608318255 8.34593252308502e-05 0.00033480801144092354 0.9999999404690668,0.16858537679954821 0.24464662785851488 0.05372006714753752,5
2,368,8,1,0.9999997905393339 0.0006472404343994057 -1.0534584868743258e-06 -0.0006472358642393428 0.9999967459155263 0.002467639376980413 2.6506110413007655e-06 -0.0024676381782708923 0.999996955372763,0.23905940863644304 -1.4665247633694776 -0.6058318135421814,5
2,387,8,1,0.9999994299810336 -0.0008965104859514073 -0.0005799194388087063 0.0008964190114343351 0.9999995857379793 -0.0001579772926697809 0.0005800608268696564 0.00015745735180991427 0.9999998193682931,0.14904661048903733 0.2438153051546692 0.03793716095151467,5
2,389,8,1,0.9999999294717188 -0.00020051861991934872 -0.0003175670653199347 0.00020054640781946853 0.9999999760648032 8.747303606661261e-05 0.0003175495177465959 -8.753671683134345e-05 0.9999999457498121,0.24777337853379322 -0.15783534208689787 -0.0267101818745914,5
2,402,8,1,0.9999996140411539 -0.0007075431450800362 -0.0005208648975714575 0.0007074229609938254 0.9999997231218088 -0.00023088754805416709 0.0005210281162572328 0.00023051898715293825 0.9999998376953364,0.6941702783223072 0.29481381744926694 -0.09444101344968203,5
2,415,8,1,0.9508530725147646 0.309641115815463 -0.000902156187730041 -0.30729664238164095 0.9432876458306416 -0.12560728802205698 -0.03804218803120829 0.11971130531341356 0.9920796315366811,-27.765666013602466 131.67708291671727 -16.947231319431694,5
2,417,8,1,0.9934190292363962 -0.06457335779339923 -0.09459869879814589 0.0676149901195795 0.9972810126086104 0.029305204341099858 0.09244915068374546 -0.03550863773267153 0.9950840623707246,79.28450555754591 -34.36103010655086 4.153599754763832,5
2,425,8,1,0.5555171779656809 -0.2890465221882405 0.7796491345444623 0.5082107881710106 0.8601475131272808 -0.043220949174604284 -0.6581203991456618 0.42023608087816167 0.6247232799860409,-778.9473632135322 97.84759357698417 203.1454443503926,5
2,428,8,1,0.9999989377470802 -0.001082970596722653 -0.0009755405674493622 0.0010819003219889115 0.9999988130737285 -0.0010969698394690738 0.000976727395636312 0.0010959132365556193 0.9999989224883064,1.0530603320166563 1.273837114284511 0.11220844034323818,5
2,434,8,1,0.9999999827246919 9.108371351000677e-05 -0.0001620320091016425 -9.114508913000974e-05 0.999999924094002 -0.00037881996193678963 0.00016199749247397532 0.0003788347238141698 0.9999999151205288,0.14643182588365278 0.4084784874488818 -0.04011799055933807,5
2,435,8,1,0.22449786262349972 0.43583926508599086 0.8715760693633022 -0.046813364471745736 0.8981970651684211 -0.43709328641569206 -0.9733494842985821 0.057325100367447916 0.22204642371257904,-918.3883446651839 432.16219128413144 643.2030208656112,5
2,438,8,1,0.9999999668186783 -0.00011267098292358502 0.0002316633161796311 0.00011265928289093396 0.9999999923779646 5.051689646052432e-05 -0.00023166900620225084 -5.049079576156107e-05 0.9999999718900755,-0.34197992744556416 -0.05071615242881222 -0.05919403024040548,5
2,442,8,1,0.9999993704174297 0.0011221009942119393 -7.355489233140666e-06 -0.0011220945003520503 0.9999990257680547 0.0008302812019377326 8.287141428642286e-06 -0.0008302724256530458 0.9999996552894517,0.031066359768416874 -1.0277317321281174 -0.029163844017830343,5
2,446,8,1,0.9846916030797433 0.10460082941992785 -0.1394313928385914 -0.09981575435183851 0.9941649782156804 0.040900015557332525 0.14289598317454505 -0.026356452228624594 0.9893867168193138,153.2867389337738 -82.03935937366973 77.23959788535547,5
2,453,8,1,0.9999991790620203 0.00013677674182041577 -0.0012740358740274682 -0.00013606465912088805 0.9999998345089601 0.0005589887845290076 0.0012741121198506788 -0.0005588149743773335 0.999999032181597,0.991365599189777 -0.42286023518307303 0.32537530604065523,5
2,473,8,1,0.9999998919662945 -0.00040368926102873903 0.00023043953736869016 0.0004037520868498401 0.9999998813221966 -0.0002726533452380572 -0.0002303294427932097 0.0002727463562263591 0.9999999362788848,-0.006407128868772816 0.24372673517189725 0.008883179708618627,5
2,474,8,1,0.973078049418212 -0.13243264564089918 0.18862848170146665 0.144324824062571 0.9882301463411257 -0.05071018656940766 -0.17969266790761493 0.07656874186734697 0.9807383814601603,-49.52334438056856 -12.274312845441749 -19.529381976828375,5
2,476,8,1,0.6575039577731769 -0.7487468548316378 -0.08406362407332002 0.7102587024167408 0.6531750835768533 -0.26247835308013523 0.2514381060100032 0.11287363542520872 0.9612691721219402,-170.96930189775284 102.70546402296739 106.50328528693733,5
2,477,8,1,0.9968571699583529 -0.05559172104467541 0.05643884525674403 0.05705809586060223 0.9980650156398004 -0.024710286374048568 -0.05495594962682446 0.02785291918661531 0.9981002246735539,-55.67845312816308 28.346110424561118 6.481854354009556,5
2,480,8,1,0.9999998080906309 -0.00061643295220426 -6.187985596917134e-05 0.0006164787407376138 0.9999995341848329 0.0007426870665467322 6.142201036324346e-05 -0.0007427250716335321 0.9999997222933639,0.02205872985709334 -0.6748790414858945 -0.1553607335400784,5
2,491,8,1,0.8244348943315787 0.15418313475793094 -0.5445499664536735 -0.344510582487758 0.9000933489694515 -0.26672911669876676 0.4490206716426599 0.407504017277347 0.7951860866114298,512.6772183010204 7.721901667100383 481.84325272138904,5
2,494,8,1,0.99959235427112 -0.0013828138526675027 0.028516891635815028 0.0011258227517394054 0.9999586312677256 0.009025977858855193 -0.028528193175376748 -0.008990193492119533 0.9995525592059296,-31.834603771559003 -7.790301634897006 -3.323516353779496,5
2,499,8,1,0.97770814535494 -0.20044506516403957 -0.06251846413651452 0.20935822820374167 0.9533351379404583 0.2175344732483525 0.015997336965718867 -0.22577398127205023 0.9740483533123873,49.43540049000546 -196.4508593222458 -2.961762813011319,5
2,501,8,1,0.9542351179329365 -0.009637369130063356 -0.2989020923643162 0.007978479802428495 0.9999452555951294 -0.006769761652800188 0.29895097183912533 0.004075160002305234 0.9542597704542503,250.5173597114793 1.0423267442350266 28.306150457908757,5
2,503,8,1,0.9837138979986284 -0.17942043016464748 0.01073667191811592 0.15856192554446358 0.8943812851334053 0.4182585714253214 -0.08464681123336226 -0.4097443422948651 0.9082645491845273,-68.41326818032336 -503.52508359067895 62.825447703296504,5
2,521,8,1,0.9773025579615136 0.03481355165103452 0.2089682435762042 4.122558010305477e-05 0.9863737404976626 -0.16452003633935208 -0.21184831484421723 0.16079446718743443 0.9639841444855697,-152.54685727214678 169.03700436433405 54.39544675249431,5
2,527,8,1,0.6843900741652628 0.6216038780148674 -0.3810759048023714 -0.6635496949868509 0.7476155204501963 0.027799925626500282 0.30217880247781076 0.23383680723714365 0.9241257051474193,335.12344335315174 -231.59609692850734 245.21489872140063,5
2,529,8,1,0.555490411170555 0.8133546893078528 -0.17287149122540707 -0.8270031231998543 0.5620467918514873 -0.013009150131332789 0.08658081378259362 0.1501917213110616 0.9848584718295139,98.97044041720324 -197.31772397264686 142.06687948947254,5
2,532,8,1,0.9856440767675255 -0.15903040577191074 -0.05670171049548238 0.15315908409036036 0.983517923214339 -0.0960978130695776 0.07104962275546543 0.086033858196497 0.9937555667014554,73.65860321035234 -14.022170495918985 2.6633437819670718,5
2,535,8,1,0.9626389655650487 0.07308048132425285 -0.260740225560362 -0.035113384683475635 0.9884523670012716 0.14740749094145303 0.26850190351638764 -0.13274472275386245 0.9540888671340195,232.53387887475887 -77.56477742764747 69.27739483751895,5
2,540,8,1,0.9869972094505733 0.021257946388807375 0.1593254789797014 -0.015253472769908433 0.9991299614032547 -0.03881561277100979 -0.1600119998788789 0.035880634632931244 0.986462741289857,-126.81829715105275 35.639771584831664 3.598202948638118,5
2,543,8,1,0.9999994078370272 0.0008771063434366844 0.0006442127425554944 -0.0008767347712484996 0.9999994492951417 -0.0005768410137443336 -0.0006447183386967259 0.0005762758684487446 0.9999996261221239,-0.22140953804836982 0.43075141448967713 0.017493049249424075,5
2,549,8,1,0.9999999167358843 0.0001291909236934008 0.0003870890465194621 -0.00012920223378426465 0.9999999912272628 2.9193454807723007e-05 -0.00038708527159422856 -2.9243465146447378e-05 0.9999999246549033,-0.5237769604318352 0.05298575809590744 -0.06755937318484939,5
2,560,8,1,0.9282103612461924 -0.2875951090984159 0.2360393579424473 0.31496841296396416 0.9451003248137587 -0.08706477400125232 -0.19804147068271927 0.15515936729568608 0.9678352889981989,-277.611758950731 44.639581019306775 90.55146332994468,5
2,563,8,1,0.978931064931331 0.06010008275769727 0.19514597142889914 -0.054668964944439166 0.9979556325079717 -0.033103773463440116 -0.19673656087345423 0.021737883938715882 0.9802153794026871,81.74614117178565 -74.14209944438572 -30.93733949239826,5
2,571,8,1,0.9842189210115272 -7.727369562756e-05 -0.1769551060345007 -0.03548325650952101 0.9796030836090001 -0.19778457242974928 0.17336105107660416 0.20094226188762523 0.9641411480468512,234.20328469480825 201.59250261979997 58.27493787546723,5
2,575,8,1,0.9999987440061429 0.0015023175061467664 0.0005050032151524275 -0.0015023950476593384 0.9999988596684379 0.00015320229996944323 -0.0005047724807837328 -0.00015396082187754678 0.9999998607503947,-0.6818106592157278 -0.5573454114267697 -0.17370729689378095,5
2,589,8,1,0.8875739195618084 0.07570151344862688 0.4544027048503083 -0.12275822508097814 0.9896049146358465 0.07491682790633013 -0.4440078326884082 -0.1222758921053783 0.8876404963278643,-432.29225747473913 -49.34107611738586 113.00592630168217,5
2,603,8,1,0.7796866011632757 0.5769947846853304 -0.24324025656208528 -0.32955768921661377 0.7084311988449911 0.624112943289318 0.532428899896189 -0.40645080261819905 0.7425073815164103,466.0510491871526 -840.2649003273084 301.83345480422986,5
2,607,8,1,0.9999994532065313 0.0010182268899733837 0.0002383288468186806 -0.0010182393953871993 0.9999994802235666 5.235579992472761e-05 -0.00023827541285770248 -5.259844711789918e-05 0.9999999702291147,-0.373687314013182 -0.33064691843480354 -0.2359746369647837,5
2,611,8,1,0.9932042914833327 -0.057374623173812644 -0.10125901438763213 0.058329557518563224 0.9982762683034123 0.00649267756030994 0.10071195608655548 -0.012354948720113113 0.9948389101474393,62.00965033303606 20.402210738754476 25.378208751096395,5
2,615,8,1,0.8001596393471813 0.4337799341359785 0.41422158357668354 -0.15490428277179394 0.8166412525195749 -0.5559691788779458 -0.5794387066280136 0.38069940034658273 0.7206377396702229,-15.667963197310115 132.22246274926187 101.58333019085548,5
2,625,8,1,0.9999999027171491 -0.00029085030755741925 -0.0003316199486564919 0.00029116381862565044 0.9999995104027813 0.0009457366591895111 0.0003313447184978835 -0.0009458331229160732 0.9999994978050647,0.20312501993939236 -0.46132196605735487 -0.07824888519053275,5
2,642,8,1,0.9999999674952222 7.424751816609287e-05 0.00024391978450044594 -7.41264144861753e-05 0.9999998740157126 -0.0004964613120128636 -0.00024395661479115205 0.0004964432149761611 0.999999847014641,-0.1131019959367876 0.3724714061544887 -0.07713821510833441,5
2,648,8,1,0.9999999227119347 0.00029067721426798143 0.00026473171974994436 -0.0002905415520988719 0.9999998265436408 -0.0005123458742039566 -0.000264880601102635 0.0005122689190410201 0.9999998337093972,-0.030355212206359283 0.2576056787432037 0.0071444273587530915,5
2,649,8,1,0.9949999043585385 -0.004884673418222962 0.09975635464519281 0.011037074561332294 0.9980635240918746 -0.06121588733683959 -0.09926415925009245 0.06201082036956475 0.993127023519885,-106.28305277083989 24.52195023688607 17.20102914431925,5
2,650,8,1,0.9999999123218717 -0.0003367713748390344 0.00024888007459356043 0.00033676004881040555 0.9999999422590015 4.5548482646762256e-05 -0.00024889539964828566 -4.546466578708719e-05 0.9999999679920223,-0.10138709745440622 -0.03827619109020475 -0.021512694996772552,5
2,652,8,1,0.9999996814936996 -0.0005366387501181472 0.0005907887544592122 0.0005366529790057604 0.9999998557155457 -2.3926299771658086e-05 -0.0005907758294379506 2.4243340696547978e-05 0.9999998251980754,-0.6125901513119345 0.16705287549493164 -0.16581576849387147,5
2,667,8,1,0.9999993733141903 0.0006973762060248911 -0.0008758068592074064 -0.0006968917424861401 0.9999996040750123 0.0005533459312337535 0.0008761924027401724 -0.000552735241890992 0.9999994633851697,0.8546823582549905 -0.5099811198796829 -0.01487957219967484,5
2,669,8,1,0.9999997667568139 -0.000463106242266087 -0.000502014863731054 0.00046280653216196344 0.9999997147206576 -0.0005969662594653841 0.0005022911793180207 0.0005967337844687559 0.9999996958061337,0.06699423984341024 0.5157519747752133 0.2130766681602836,5
2,679,8,1,0.9999999125184846 0.0003193206665352277 0.00027018019392210935 -0.0003192454803436773 0.9999999103215486 -0.000278279032835671 -0.00027026902993970703 0.0002781927546855467 0.9999999247817193,-0.18760343195492624 0.09459050212436182 -0.20075052770175716,5
2,691,8,1,0.999999460426567 -0.0007588327476605872 -0.0007094500940151467 0.0007590356918459884 0.9999996710821133 0.00028583296455736776 0.0007092329612504895 -0.00028637130827254605 0.999999707489997,0.3074776897677225 0.006612925199092956 0.1266895221665436,5
2,695,8,1,0.9999989731394983 0.0007081587326607797 0.0012458856928920792 -0.0007076515281168039 0.9999996665875656 -0.0004074973310156105 -0.0012461738502919095 0.00040661525965865475 0.9999991408570141,-0.554426476896154 0.18967917693086633 -0.20581893013775243,5
2,703,8,1,0.9999999190913992 0.00025659534733529776 0.0003097999741266677 -0.00025647076592474893 0.9999998862660369 -0.0004021077726418243 -0.0003099031178753209 0.00040202828547125646 0.9999998711666501,-0.21404545757084747 0.3986387102058089 -0.16275487840630376,5
2,708,8,1,0.9999999771949019 7.18782834512044e-05 0.00020110621085139835 -7.190143789273518e-05 0.9999999907875721 0.00011513052557676762 -0.00020109793361455797 -0.00011514498277737095 0.9999999731506264,-0.02115536933132489 0.053248469049066216 -0.1905831499523174,5
2,711,8,1,0.9231912788562615 0.19622827339131 -0.3304728844634698 -0.25589554638821055 0.9553739751371321 -0.14757383565305182 0.2867670343369678 0.22080541739853213 0.9322068631291232,372.3218423610642 176.02336054794145 72.27315645366389,5
2,727,8,1,0.801474734313409 0.5439553046536347 0.24849723699957552 -0.4901920159618034 0.8355746390685379 -0.24804598370621955 -0.3425639177504758 0.07699122732269029 0.9363345092277614,-128.7468785637773 473.4528030586242 -122.30823481098935,5
2,736,8,1,0.8029817216993009 0.2816603194150667 -0.5252502442491849 -0.4341762023771626 0.8801806367414077 -0.1917630621231136 0.40830304910221976 0.38203339012773585 0.8290591709409756,602.1153980266156 98.72195967877931 350.1337611280563,5
2,737,8,1,0.8295643126277111 -0.49548259615731 0.2575267910717717 0.5434762760837725 0.8223380724217796 -0.16850410078020897 -0.1282832356491964 0.2797446899421749 0.9514653540200653,-372.8978259158396 44.143892476293416 -74.4134513214617,5
2,739,8,1,0.9657969784974766 -0.15127938193690807 0.21059616550623866 0.16533579937940004 0.9849324026862221 -0.0507172118941914 -0.19975051881964845 0.08380161537543665 0.9762566360807737,-208.1015594277695 51.120451977150715 48.952875278464944,5
2,740,8,1,0.850184924093028 -0.057845330421558594 0.5232967729628689 -0.10758753399709142 0.9538827561637632 0.2802367035594143 -0.5153741527990665 -0.2945532298954521 0.8047533021894356,-447.4402487779014 -413.97715546897757 156.77342207003556,5
2,750,8,1,0.9962554710668572 -0.07217489549880708 0.04760063895674024 0.07195404203172512 0.9973878030768131 0.006339251446754068 -0.04793383152482572 -0.0028904555600668402 0.9988463310549851,-60.583022681650334 -18.623010246259952 -1.4853118111893764,5
2,754,8,1,0.9856213669530698 0.030190173394176574 -0.16625003589770898 0.07371589170876419 0.8085084720324613 0.5838493110052589 0.15204107443431805 -0.5877096256504256 0.7946577298451786,82.96825784162534 -709.2309303371286 -195.95354063553492,5
2,756,8,1,0.8857390022229122 0.3568946055949017 -0.296804077529974 0.023203090646006536 0.6045698408460961 0.7962141195204959 0.4636033180701283 -0.7121246716949117 0.5272100297203977,294.3207412360402 -1251.6816325467662 101.0680675744029,5
2,757,8,1,0.9999998862104762 3.82927355405821e-06 0.0004770370767472054 -3.878811103953661e-06 0.9999999946007567 0.00010384335251140131 -0.0004770366765266265 -0.00010384519103145973 0.9999998808260859,-0.4049733545004415 0.011436495087792764 -0.14002422947555715,5
2,758,8,1,0.9300144710864132 -0.09961766017077725 0.3537646185699724 0.0968714324898781 0.994969917039975 0.02551058119338907 -0.35452645759832624 0.010544475689432061 0.9349865265848584,-508.0846046678191 30.621424445019528 121.14195327794602,5
2,761,8,1,0.36812529206668854 0.5925986810316423 0.7164569579398147 -0.24688074920991315 0.8052082616775037 -0.5391563326122076 -0.8964003932453212 0.021597651859637253 0.44271873285843977,-835.3254750145092 782.3000814397217 730.8435194372207,5
2,762,8,1,0.8191023907538229 -0.3254046998871161 0.4724225383623738 0.15423021886543817 0.91814133009752 0.3650062157764933 -0.552525395841758 -0.22611563249393682 0.8022389966162056,-652.8948990385863 -387.1668011664434 8.681633459616322,5
2,764,8,1,0.9999999685573793 0.0002496877969681427 2.3264654985921673e-05 -0.00024970025046655575 0.9999998247259774 0.0005368405706449586 -2.3130608368587824e-05 -0.0005368463629547571 0.9999998556304677,0.16707519543246008 -0.463591451098452 -0.17559056733807665,5
2,768,8,1,0.9999994061965197 -0.0010235870058475094 0.00037400033297266266 0.0010241021379618076 0.9999985237212571 -0.0013797717626413686 -0.00037258746439691737 0.0013801539578687239 0.9999989781762949,-0.36796416712525826 1.3812891191502104 0.17809407557274426,5
2,769,8,1,0.9355872753643175 -0.0056227302270179524 -0.3530507542566182 -0.001319776194737686 0.9998105327663183 -0.01942052420320811 0.3530930590753216 0.018635543306428304 0.9354025914858833,381.9196553853708 9.979403597870032 2.874283775626509,5
2,770,8,1,0.9999999999449115 1.0384882522473937e-05 -1.5271968525631952e-06 -1.0384828139475832e-05 0.9999999993122008 3.560554547310524e-05 1.5275666104264118e-06 -3.560552961168195e-05 0.9999999993649562,0.14042566020572878 -0.013598550976951174 -0.03554717461111068,5
2,773,8,1,0.9849674462024522 0.1612820730912799 0.06186455221528819 -0.16010427421063939 0.9868184774568773 -0.023577827066451174 -0.0648517640539075 0.013318612880850011 0.997806024861559,-77.4499783868118 65.2747968996986 -11.193140010201091,5
2,775,8,1,0.9999998958993322 -0.0003997446659536885 0.00022001256254921414 0.0003997046751407912 0.9999999035960959 0.00018178000826141183 -0.00022008520692804248 -0.00018169204928830673 0.9999999592752497,-0.052178045778475735 -0.25264351605005686 -0.06535746254860442,5
2,785,8,1,0.99999988232726 0.00046196447334223567 0.00014810230273143432 -0.0004619883931655522 0.9999998802397624 0.00016151528012109395 -0.0001480276706733452 -0.0001615836826600603 0.999999975989261,0.14775522424059773 0.09522985210303148 -0.15973532631528542,5
2,788,8,1,0.9925058766581979 -0.051185255315279204 0.11096014796877826 0.05376573496915617 0.9983454211453167 -0.02038788418169879 -0.10973299659705812 0.026200948770790544 0.9936157102931402,-117.10364680172073 2.409500668146819 23.265143847363902,5
2,791,8,1,0.9988957181752284 -0.027413756584546277 -0.03815534249774333 0.03074056551606158 0.9955098354476681 0.08952756647374804 0.03552973181645968 -0.09060161961511448 0.995253226410329,40.921358994361256 -87.12392628593011 6.869321826537771,5
2,794,8,1,0.9873512224975954 0.03920519924194238 -0.15362459368507414 -0.05246533198116998 0.9951480042535775 -0.08323363845361609 0.14961601643076244 0.09024079998826068 0.9846175123594287,173.83614365023405 93.81069725988289 26.878255187283685,5
2,801,8,1,0.9968947906049808 -0.04799009966241509 -0.06243177715749455 0.045859565463235746 0.9983302354741299 -0.03512322869115747 0.06401309803606446 0.03215106953990196 0.9974310161646593,72.55654761708007 33.90994936606985 7.955950953057027,5
2,803,8,1,0.999999947332006 0.0003099803730287065 -9.6167317534257e-05 -0.0003099869490856416 0.9999999496165395 -6.837405093843008e-05 9.614611807537421e-05 6.840385795056636e-05 0.9999999930384184,0.17673245491772605 0.13214037578474347 -0.2120783512025355,5
2,804,8,1,0.9999999569339838 0.00029338654739539255 -7.507644190052343e-06 -0.00029338697165595673 0.9999999553618512 -5.657190846516946e-05 7.491046418062197e-06 5.657410867376811e-05 0.9999999983716271,0.07827220367244081 0.15723787037356374 -0.20818434058264756,5
2,808,8,1,0.999999958613045 0.0001344716495910725 0.0002543448122970249 -0.00013461104070593144 0.9999998407318886 0.0005481022393906687 -0.0002542710675757509 -0.0005481364543264422 0.9999998174463087,-0.1463721576352226 -0.6745427571649714 -0.11752034884170826,5
2,809,8,1,0.9744074777816886 0.15026102320529366 0.16718759567751137 -0.1429210297734929 0.9881951952178829 -0.05517096516080772 -0.1735040244248338 0.029864377669539754 0.9843802478995588,-173.53095930682946 87.93867475374844 0.1830257681014018,5
2,819,8,1,0.9999999584875329 -0.00019574029358906953 0.00021144898051202177 0.00019566026861084218 0.9999999092597971 0.00037841439964403367 -0.00021152303227077451 -0.00037837301177073845 0.9999999060459313,-0.093708106969558 -0.1681052836143202 -0.07933037264911036,5
2,821,8,1,0.9979014315319857 -0.060385946726823125 0.02337242786529725 0.06132693285064844 0.9972383364318653 -0.04188923080861834 -0.020778360222726028 0.043234682703946425 0.9988488484039735,-32.245471982630576 34.282341895301116 5.87772933621784,5
2,828,8,1,0.9999999841187063 0.00015641186725834366 -8.542784098358736e-05 -0.00015642504357188391 0.9999999758684226 -0.0001542542081407472 8.540371173348937e-05 0.00015426756874492575 0.999999984453862,0.19333662811590102 0.25297653226343186 -0.2743348494414022,5
2,837,8,1,0.723666099159627 -0.6452254378067919 -0.24493164624874997 0.5174120123233289 0.7420816430366339 -0.42614509802598344 0.4567189359229734 0.18165618479722878 0.8708667200520998,135.39420514476342 197.21981467938878 118.2170546992328,5
2,840,8,1,0.9999998808060693 0.0002699761099208553 -0.00040681783414912853 -0.0002695998124154046 0.9999995360774913 0.000924749017271187 0.0004070673055592139 -0.0009246392290340744 0.9999994896691224,0.5423748649736808 -0.7438296047777726 -0.4106269983524271,5
2,844,8,1,0.7045899841942757 0.39257009973613566 -0.5911359158148585 -0.07475269918244395 0.8694644424027126 0.4883068885058658 0.705666343350772 -0.2998671375634573 0.6419616123036089,894.496694097854 -406.1469193394165 267.20279576872065,5
2,850,8,1,0.9999999065315857 -0.0004150297800770246 -0.00012119035114616789 0.0004150054201872734 0.999999893692542 -0.00020096120234158743 0.00012127374314618161 0.00020091088890539233 0.9999999724637463,0.22042100807883358 0.12251633620405755 -0.10750784646984357,5
2,856,8,1,0.9999998641008616 -0.0005132148443002804 -9.169940696684975e-05 0.0005132261855632092 0.9999998606488337 0.00012369799921974067 9.163591053928943e-05 -0.00012374504494622185 0.9999999881450117,0.0538459988059401 -0.07537183804768688 -0.18037816433923126,5
2,867,8,1,0.9999999666576173 -0.0001658824489988442 0.0001979085047612017 0.0001658434845347445 0.999999966866832 0.00019688136813428292 -0.0001979411573675982 -0.00019684853973345184 0.9999999610349738,-0.07420413280077298 -0.26122017269591424 -0.2242867983842416,5
2,871,8,1,0.9999999004663885 0.00034179285833348116 -0.000286783640105287 -0.00034178613347085607 0.9999999413150417 2.349793672484779e-05 0.0002867916547026339 -2.339991571437272e-05 0.9999999586014949,0.4461290789034251 7.486506748932698e-05 -0.22109113903457,5
2,877,8,1,0.9999999237374007 -0.0001767672656696126 0.00034825066706167807 0.0001766878906395153 0.9999999584117857 0.0002279425737462884 -0.0003482909453638161 -0.00022788102468707105 0.9999999133818245,-0.3556842393493227 -0.229347323679697 -0.285003338895649,5
2,883,8,1,0.9999965048478678 -0.00048380404145866723 0.0025992740715696794 0.00048676458826919095 0.9999992334637455 -0.0011384780004612682 -0.002598721278873617 0.0011397392558804564 0.9999959738129676,-2.111393020360495 0.8331138852088813 0.2230300653723134,5
2,886,8,1,0.9904846148019639 0.06254039080026375 -0.12259252570672655 -0.05537579399886462 0.9966001107068834 0.06100607164883848 0.12599106825326745 -0.053636916928344464 0.9905803005626657,125.8101328047918 -60.613495891106155 1.5733936708243164,5
2,894,8,1,0.9999998475424765 -0.0005009699580365568 -0.00023225874667837099 0.0005007340321936393 0.9999993597873036 -0.0010147366225933818 0.00023276695054674779 0.001014620168030278 0.9999994581825838,0.40772180752234277 0.8472281119490788 -0.04993376218715184,5
2,902,8,1,0.9999998929309202 0.0003221859179773773 0.0003321661971533718 -0.0003222768858872349 0.9999999105731231 0.0002738454932902368 -0.0003320779382873784 -0.00027395251345796456 0.9999999073371277,0.04185744307254424 -0.23814728077098835 -0.2239821515844369,5
2,903,8,1,0.9999998268827651 0.00023884962800142795 -0.0005377595157084747 -0.00023884688422064204 0.999999971462737 5.16645986912978e-06 0.0005377607343693691 -5.038016789971067e-06 0.9999998553939957,0.7975204802613476 -0.023495156657816096 -0.15093255988722376,5
2,904,8,1,0.9999998898561129 -0.00026761029744836254 -0.0003855807194412253 0.00026759401932138424 0.9999999633034221 -4.226814137253676e-05 0.0003855920166815352 4.216495762238148e-05 0.9999999247704539,0.47784398691368324 -0.006060081272295292 -0.21944976895167656,5
2,907,8,1,0.9629944955576886 -0.26741518558091615 -0.03362618096538398 0.2634686894095102 0.9603056187180662 -0.09163715599769102 0.056796577594319025 0.07938663098554098 0.9952245533518241,-123.53834691915334 -13.261629417589994 22.683354852690595,5
2,909,8,1,0.9999995680192798 -0.00013493368990807886 -0.0009196489297368382 0.00013529362275790935 0.9999999142783337 0.00039132973565775275 0.0009195960473378229 -0.0003914539892463098 0.9999995005533175,0.6703119299744742 -0.2029687742455195 -0.3940549782457765,5
2,918,8,1,0.9999999803152264 -0.0001600672137860859 0.00011725201264450869 0.00016012039774791764 0.9999998842507536 -0.00045371790480763785 -0.00011717937371195225 0.0004537366703156742 0.9999998901960083,0.042944656593221 0.48776265004624975 -0.09348735278672393,5
2,925,8,1,0.9999999830572851 -0.00017559366811083568 -5.524756517683027e-05 0.0001755908939188519 0.9999999833231615 -5.0214687391303414e-05 5.525638163698943e-05 5.0204985570845295e-05 0.9999999972130966,0.22037139489857083 0.048351194550946275 -0.1358763238974916,5
2,934,8,1,0.6886885225060544 0.5157608088745235 -0.5096066198525336 -0.08968245350242429 0.7580474560688311 0.646003956552402 0.7194895249426587 -0.39919273838168706 0.5683132772697798,616.6259861482384 -526.0513914251991 103.34937764832071,5
2,942,8,1,0.9999999997497664 -3.75348319947566e-06 -2.2054014559388935e-05 3.7562334354035443e-06 0.9999999922171724 0.00012470583934948154 2.2053546306535776e-05 -0.0001247059221578528 0.9999999919810372,0.20034699737804118 0.07669303912280157 -0.22460756327905074,5
2,952,8,1,0.9909801322525575 -0.04338745469966928 -0.12679079720305958 0.04116585009577377 0.9989503085091236 -0.020091140221966175 0.12752940941835955 0.014690469843083698 0.9917259902963086,110.15435786575736 29.558287726563123 -5.647931465859756,5
2,956,8,1,0.999999987933011 0.00015534648279312557 1.2035503928475855e-06 -0.00015534690050707928 0.9999999248462597 0.0003552109458091479 -1.1483695316893971e-06 -0.00035521112849058734 0.999999936911866,0.04409343453895076 -0.26422026390162046 -0.31608689600227535,5
2,961,8,1,0.9547623113740324 -0.09750436013715984 0.28093029123602764 0.09639177993358605 0.995184106350136 0.01781064932328391 -0.2813139767963037 0.010074434094530516 0.9595628964464625,-235.0906857746187 20.519854494794856 -37.694413880743696,5
2,968,8,1,0.9999991800424922 -0.0001649719558948215 -0.001269920705359695 0.00016410152627319152 0.9999997515842083 -0.0006854941358966082 0.0012700334771996724 0.0006852851778940128 0.9999989586990543,1.1651379768573662 0.4381617653487524 0.22531167199929314,5
2,969,8,1,0.9999998600829685 -0.0003317338923101709 -0.0004120517803244961 0.00033147563303870253 0.9999997487015442 -0.0006266743608606962 0.0004122595659019068 0.0006265376880533469 0.9999997187462486,0.5043187069786512 0.5004721606836142 -0.06650638376675033,5
2,972,8,1,0.9999999179291554 0.0001798365107936739 -0.0003630434010013506 -0.0001796953680284208 0.9999999082830463 0.00038877175035756384 0.00036311328305943524 -0.0003887064812329588 0.9999998585279973,0.2929773718511228 -0.12671996744708736 -0.33319198922424675,5
2,982,8,1,0.999999863053475 0.0001452127521648361 -0.0005027984574712957 -0.00014467251028371653 0.9999994124318065 0.0010743397546534028 0.0005029541698758355 -0.0010742668664112665 0.9999992964936545,0.3621949909615658 -0.4144479495042219 -0.15152407555717673,5
2,984,8,1,0.9999996687385089 0.0006484687617760443 0.0004919462747533312 -0.000648165837825565 0.9999996004119401 -0.0006156760565207003 -0.0004923453248674922 0.0006153569898016825 0.9999996894658797,-0.19258871295453872 0.6001808937181323 -0.08583907642480426,5
2,991,8,1,0.9999998363273386 -0.0004879462218345537 0.00029875370973792004 0.00048771955447525495 0.9999995935453411 0.0007583131194644488 -0.00029912360432970964 -0.0007581672873230305 0.999999667853661,-0.19425925953468237 -0.5404281843036642 -0.2613188691574351,5
2,1001,8,1,0.9999999908370998 -0.00013536644327827307 -1.3139295289565922e-06 0.00013536606970757092 0.9999999515625279 -0.00028026945946751924 1.351868544718915e-06 0.0002802692790375705 0.9999999607236518,0.19023732858855436 0.25148766876179707 -0.045122495908799465,5
2,1012,8,1,0.9999999660801968 0.0002604383216907036 -3.3891588666623562e-06 -0.0002604378516074535 0.9999999565680491 0.0001379711063714817 3.4250916831624068e-06 -0.0001379702190264509 0.9999999904762442,0.05992240713207053 -0.16903665032934612 -0.010815209562451855,5
2,1038,8,1,0.9999999988079102 -1.4328115193751323e-06 -4.880704240345368e-05 1.4304244733975846e-06 0.9999999988029896 -4.89078200688331e-05 4.8807112420584664e-05 4.8907750196169886e-05 0.9999999976129493,0.10963810187332168 0.014694710575952286 0.10993306236196076,5
2,1050,8,1,0.9999999985557686 4.3043955151311764e-05 3.218199398524746e-05 -4.303892388474173e-05 0.9999999868554968 -0.00015632228607098675 -3.218872229188152e-05 0.0001563209007670041 0.9999999872638312,-0.015567607191684374 0.21441736461257221 -0.1081649239199578,5
2,1057,8,1,0.9999999526305728 -0.00024679706536426607 0.00018392950196352564 0.0002470159207760246 0.999999260469722 -0.0011908161672310597 -0.00018363547600686037 0.0011908615443381176 0.9999992740631335,-0.11115729868910762 1.0141997964352782 0.14419566869969458,5
2,1061,8,1,0.999999982283361 7.358435614623904e-05 -0.00017325882015351013 -7.345329535676792e-05 0.9999997112847193 0.000756330013979567 0.00017331442418822007 -0.0007563172741485991 0.9999996989730997,0.2125637304321657 -0.6933624827645133 0.13632277526278358,5
2,1069,8,1,0.9999998468430515 -0.0004021474898851518 -0.00038025158919124946 0.0004024389075064083 0.9999996251718133 0.0007666153916797147 0.00037994315420614155 -0.0007667683023009908 0.9999996338547179,0.21637213651902698 -0.6906524626130874 -0.09333257905348091,5
2,1071,8,1,0.9487204359659521 0.3076123367256358 0.07282983368625862 -0.2939317169596852 0.9431955076129586 -0.15487536984254444 -0.11633434637158979 0.1255264303361164 0.9852458754754403,-81.48331688791558 234.16601569232972 50.20409929438188,5
2,1087,8,1,0.9895513858608767 0.08659120686885102 0.11528233877664851 -0.06417745339090941 0.9805248293796128 -0.18561334393393672 -0.12910967902165865 0.17627541480046544 0.9758369069264842,-145.48980177954274 201.04369772077442 9.569224480142111,5
2,1098,8,1,0.9999992698720974 -0.001184032415781855 -0.00024150054037042068 0.001184206335464899 0.9999990386935396 0.0007212956071503129 0.00024064627083381085 -0.0007215810669820855 0.9999997107050266,-0.10801957870386758 -0.6402154412228924 -0.13104265646825297,5
2,1099,8,1,0.9999999791757972 8.628101833840773e-05 -0.00018494320828105204 -8.624728426462336e-05 0.9999999796453565 0.00018240255496154711 0.00018495894239481392 -0.00018238660031361098 0.9999999662626581,0.21369676121719294 -0.09732485983838046 -0.009793641959731758,5
2,1103,8,1,0.9999998873095357 -0.00047155818020311324 5.4898082562565564e-05 0.00047155475833648985 0.9999998868756896 6.232751449322671e-05 -5.492746740140553e-05 -6.230162001746864e-05 0.9999999965507416,-0.09261582324373263 -0.025806737177816785 -0.053280023993465875,5
2,1107,8,1,0.9981891943439194 -0.022771898729835427 -0.05567560438178118 0.02180753843605482 0.9996025083605502 -0.017867751583700686 0.05606035642411192 0.01662124867556558 0.9982890215413909,55.39144931775889 -5.85460125873135 26.247687942336597,5
2,1117,8,1,0.24769386411898292 0.5801159750249093 0.7759595383772966 -0.7332244503275455 0.6357539513980568 -0.24124431334982177 -0.6332690227065245 -0.5091977698327599 0.5828275697645644,-799.7124987186367 571.1830336878319 571.3086605917154,5
2,1123,8,1,0.9756411030322888 0.07391038039466005 -0.20654707391744048 -0.07281533880976862 0.9972618902034722 0.012909251791530352 0.20693565306142503 0.0024449985102542593 0.9783514999601766,189.15648838671098 -2.23532279345649 11.95625513937091,5
2,1131,8,1,0.9722988271980627 0.23290318351280354 0.01977619121250786 -0.19488321954018306 0.7610389216220916 0.6187408912605807 0.12905627210997925 -0.6054550907258827 0.7853461731893704,-5.6004836790506545 -593.1654322372397 -90.20432337355966,5
2,1144,8,1,0.9999996066044319 0.00021726390526927153 0.0008599926619031265 -0.00021703822233376524 0.9999999419917468 -0.00026250888454564664 -0.0008600496457219359 0.0002623221299972323 0.9999995957507722,-0.462566718758751 0.17545566221552367 0.10550622609207494,5
2,1148,8,1,0.9999999001949882 0.00037716909084517525 0.00023948588598654563 -0.0003769479052825875 0.9999995030280193 -0.0009229593652596568 -0.00023983387871348572 0.0009228689994411621 0.9999995453961567,-0.1616545048057958 0.753354469315255 0.05571933043813715,5
2,1151,8,1,0.9999998458573635 0.0003024562780437612 0.00046562372207181735 -0.0003021680718082731 0.9999997628198836 -0.0006189140767762225 -0.00046581080608337766 0.0006187732847527383 0.9999997000699132,-0.4418231355519531 0.5407644554947666 -0.017660207479593737,5
2,1157,8,1,0.9999997073020226 -0.00021689337284724886 0.0007337255172040758 0.00021740403349296278 0.9999997341770601 -0.0006959750688953492 -0.0007335743697823305 0.0006961343800719333 0.999999488632654,-0.4947503696512303 0.38615955552691617 0.14642788197022583,5
2,1168,8,1,0.5576389641902677 -0.0722921777827281 -0.8269296382693256 0.11481013575971882 0.9933428046175943 -0.009418345995330264 0.8221054788429772 -0.08968786732821456 0.5622265273984093,794.859153420104 158.51057735770144 374.3276248107672,5
2,1169,8,1,0.9999999749958632 -0.00021946511554643555 4.2934092979951544e-05 0.00021945652509802738 0.9999999559220096 0.00019998703022744424 -4.29779812640696e-05 -0.00019997760306050827 0.9999999790809264,-0.03645276691138122 -0.18735698307901316 -0.09322779157923833,5
2,1176,8,1,0.9999997984558281 0.0006020528414263475 -0.00020154572970614015 -0.0006020089682084 0.9999997951016772 0.00021767362557900682 0.00020167673943452535 -0.0002175522493711446 0.9999999559987554,0.28806802298619516 -0.025833478020558687 -0.19948124384677612,5
2,1180,8,1,0.9999998949974709 -0.00017489092503977788 -0.00042357786930197205 0.00017487027648910303 0.9999999835202298 -4.878448969211635e-05 0.00042358639428641265 4.871041339046811e-05 0.9999999091009268,0.17922719660688458 0.07270378535162081 0.04707895736657974,5
2,1199,8,1,0.9999999777518567 -0.00012948612081215005 -0.00016652216316909163 0.00012948256391209778 0.9999999913887831 -2.1370523999753033e-05 0.00016652492892138548 2.134896180733259e-05 0.999999985906835,0.08810226500017393 0.1605679326176528 -0.055728511595930286,5
2,1212,8,1,0.9208405475735428 -0.3585406284827183 0.15330134921675512 0.3807667240548004 0.7420055780470692 -0.5517648267147985 0.08407965150400759 0.5664594776983201 0.8197891633393997,-105.53969497166248 267.2186734239268 152.43850014780816,5
2,3,10,1,1.0 0.0 0.0 0.0 1.0 0.0 0.0 0.0 1.0,-0.00812587063353476 -0.04636292615811044 -0.05552064228504605,5
2,8,10,1,1.0 0.0 0.0 0.0 1.0 0.0 0.0 0.0 1.0,-0.02170334420100062 -0.06512695021684323 0.0325148672600335,5
2,17,10,1,1.0 0.0 0.0 0.0 1.0 0.0 0.0 0.0 1.0,0.0 0.0 0.0,5
2,27,10,1,1.0 0.0 0.0 0.0 1.0 0.0 0.0 0.0 1.0,0.0 0.0 0.0,5
2,36,10,1,1.0 0.0 0.0 0.0 1.0 0.0 0.0 0.0 1.0,0.0 0.0 0.0,5
2,38,10,1,1.0 0.0 0.0 0.0 1.0 0.0 0.0 0.0 1.0,0.0 0.0 0.0,5
2,39,10,1,1.0 0.0 0.0 0.0 1.0 0.0 0.0 0.0 1.0,0.0 0.0 0.0,5
2,41,10,1,1.0 0.0 0.0 0.0 1.0 0.0 0.0 0.0 1.0,0.0 0.0 0.0,5
2,47,10,1,1.0 0.0 0.0 0.0 0.0 1.0 0.0 -1.0 0.0,-0.08189721100148972 -1405.7633424347732 1060.9132007093053,5
2,58,10,1,1.0 0.0 0.0 0.0 1.0 0.0 0.0 0.0 1.0,0.0 0.0 0.0,5
2,61,10,1,1.0 0.0 0.0 0.0 1.0 0.0 0.0 0.0 1.0,0.0 0.0 0.0,5
2,62,10,1,1.0 0.0 0.0 0.0 1.0 0.0 0.0 0.0 1.0,0.0 0.0 0.0,5
2,64,10,1,1.0 0.0 0.0 0.0 1.0 0.0 0.0 0.0 1.0,-0.04593074925477936 0.019063166083640226 -0.0652997519841847,5
2,65,10,1,1.0 0.0 0.0 0.0 1.0 0.0 0.0 0.0 1.0,0.0 0.0 0.0,5
2,69,10,1,1.0 0.0 0.0 0.0 1.0 0.0 0.0 0.0 1.0,0.0 0.0 0.0,5
2,72,10,1,1.0 0.0 0.0 0.0 1.0 0.0 0.0 0.0 1.0,0.021723983559070348 -0.03460751642865034 0.01640570927270346,5
2,79,10,1,1.0 0.0 0.0 0.0 1.0 0.0 0.0 0.0 1.0,0.0 0.0 0.0,5
2,89,10,1,1.0 0.0 0.0 0.0 1.0 0.0 0.0 0.0 1.0,0.0 0.0 0.0,5
2,96,10,1,1.0 0.0 0.0 0.0 1.0 0.0 0.0 0.0 1.0,0.0 0.0 0.0,5
2,102,10,1,1.0 0.0 0.0 0.0 1.0 0.0 0.0 0.0 1.0,0.0 0.0 0.0,5
2,107,10,1,0.3999999999999999 0.4472135954999579 0.7999999999999998 0.19999999999999996 -0.8944271909999159 0.3999999999999999 0.8944271909999157 0.0 -0.44721359549995787,-645.086181040989 -96.82260776799984 1080.8245883736395,5
2,110,10,1,1.0 0.0 0.0 0.0 1.0 0.0 0.0 0.0 1.0,0.0 0.0 0.0,5
2,115,10,1,1.0 0.0 0.0 0.0 1.0 0.0 0.0 0.0 1.0,0.0 0.0 0.0,5
2,119,10,1,1.0 0.0 0.0 0.0 1.0 0.0 0.0 0.0 1.0,0.0 0.0 0.0,5
2,124,10,1,1.0 0.0 0.0 0.0 1.0 0.0 0.0 0.0 1.0,0.0 0.0 0.0,5
2,126,10,1,1.0 0.0 0.0 0.0 1.0 0.0 0.0 0.0 1.0,0.0 0.0 0.0,5
2,136,10,1,1.0 0.0 0.0 0.0 1.0 0.0 0.0 0.0 1.0,0.0 0.0 0.0,5
2,156,10,1,1.0 0.0 0.0 0.0 1.0 0.0 0.0 0.0 1.0,0.0 0.0 0.0,5
2,162,10,1,1.0 0.0 0.0 0.0 1.0 0.0 0.0 0.0 1.0,0.0 0.0 0.0,5
2,166,10,1,1.0 0.0 0.0 0.0 1.0 0.0 0.0 0.0 1.0,0.0 0.0 0.0,5
2,175,10,1,1.0 0.0 0.0 0.0 1.0 0.0 0.0 0.0 1.0,0.0 0.0 0.0,5
2,176,10,1,1.0 0.0 0.0 0.0 1.0 0.0 0.0 0.0 1.0,0.0 0.0 0.0,5
2,217,10,1,1.0000000000000002 0.0 0.0 0.0 1.0000000000000002 0.0 0.0 0.0 1.0,0.055493092858455384 -0.06391193000805373 -0.05877641321330884,5
2,219,10,1,0.8944271909999157 0.0 -0.44721359549995787 0.0 1.0 0.0 0.44721359549995787 0.0 0.8944271909999157,418.4811435869792 -0.05389662466695455 -97.96715243265862,5
2,221,10,1,1.0 0.0 0.0 0.0 1.0 0.0 0.0 0.0 1.0,0.03965011267797536 0.021408445750850547 -0.03902362780979729,5
2,224,10,1,1.0 0.0 0.0 0.0 1.0 0.0 0.0 0.0 1.0,0.0 0.0 0.0,5
2,243,10,1,1.0 0.0 0.0 0.0 1.0 0.0 0.0 0.0 1.0,0.0 0.0 0.0,5
2,248,10,1,1.0 0.0 0.0 0.0 1.0 0.0 0.0 0.0 1.0,0.0 0.0 0.0,5
2,249,10,1,1.0 0.0 0.0 0.0 1.0 0.0 0.0 0.0 1.0,0.0 0.0 0.0,5
2,254,10,1,1.0 0.0 0.0 0.0 1.0 0.0 0.0 0.0 1.0,0.0 0.0 0.0,5
2,263,10,1,0.0 0.0 -1.0 0.0 1.0 0.0 1.0 0.0 0.0,1242.491676575276 0.07155929822621943 319.087792893352,5
2,266,10,1,1.0 0.0 0.0 0.0 1.0 0.0 0.0 0.0 1.0,0.0 0.0 0.0,5
2,268,10,1,1.0 0.0 0.0 0.0 1.0 0.0 0.0 0.0 1.0,0.0 0.0 0.0,5
2,277,10,1,1.0 0.0 0.0 0.0 1.0 0.0 0.0 0.0 1.0,0.0 0.0 0.0,5
2,283,10,1,1.0 0.0 0.0 0.0 1.0 0.0 0.0 0.0 1.0,0.06883764218980559 0.002244922209001743 -0.024919519998547912,5
2,307,10,1,1.0 0.0 0.0 0.0 1.0 0.0 0.0 0.0 1.0,0.0 0.0 0.0,5
2,310,10,1,1.0 0.0 0.0 0.0 1.0 0.0 0.0 0.0 1.0,0.0 0.0 0.0,5
2,322,10,1,1.0 0.0 0.0 0.0 1.0 0.0 0.0 0.0 1.0,0.0 0.0 0.0,5
2,326,10,1,1.0 0.0 0.0 0.0 1.0 0.0 0.0 0.0 1.0,0.0 0.0 0.0,5
2,338,10,1,1.0 0.0 0.0 0.0 1.0 0.0 0.0 0.0 1.0,0.0 0.0 0.0,5
2,342,10,1,0.0 -0.06237828615518053 0.9980525784828885 0.0 -0.9980525784828885 -0.06237828615518053 1.0 0.0 0.0,-350.8966913990118 -9.612873839897762 350.7575556067029,5
2,356,10,1,0.9980525784828885 0.06237828615518053 0.0 0.06237828615518053 -0.9980525784828885 0.0 0.0 0.0 -1.0,-0.6377655444418338 19.399007649186316 1410.70048789552,5
2,362,10,1,1.0 0.0 0.0 0.0 1.0 0.0 0.0 0.0 1.0,0.0 0.0 0.0,5
2,365,10,1,1.0 0.0 0.0 0.0 1.0 0.0 0.0 0.0 1.0,0.0 0.0 0.0,5
2,368,10,1,1.0 0.0 0.0 0.0 1.0 0.0 0.0 0.0 1.0,0.0 0.0 0.0,5
2,387,10,1,1.0 0.0 0.0 0.0 1.0 0.0 0.0 0.0 1.0,-7.107539317985356e-06 0.06914727768111106 -0.17542445640572168,5
2,402,10,1,1.0 0.0 0.0 0.0 1.0 0.0 0.0 0.0 1.0,-0.09712801030832452 -0.01894340077122081 0.09680535289930958,5
2,415,10,1,1.0 0.0 0.0 0.0 1.0 0.0 0.0 0.0 1.0,0.0 0.0 0.0,5
2,417,10,1,1.0 0.0 0.0 0.0 1.0 0.0 0.0 0.0 1.0,0.0 0.0 0.0,5
2,425,10,1,1.0 0.0 0.0 0.0 1.0 0.0 0.0 0.0 1.0,0.0 0.0 0.0,5
2,428,10,1,1.0 0.0 0.0 0.0 1.0 0.0 0.0 0.0 1.0,0.0 0.0 0.0,5
2,434,10,1,1.0 0.0 0.0 0.0 1.0 0.0 0.0 0.0 1.0,0.0 0.0 0.0,5
2,438,10,1,1.0 0.0 0.0 0.0 1.0 0.0 0.0 0.0 1.0,0.0 0.0 0.0,5
2,442,10,1,1.0 0.0 0.0 0.0 1.0 0.0 0.0 0.0 1.0,0.0 0.0 0.0,5
2,446,10,1,1.0 0.0 0.0 0.0 1.0 0.0 0.0 0.0 1.0,0.03440051866877525 0.0033460535449592044 0.010645516714703263,5
2,453,10,1,0.12403473458920847 0.0 -0.9922778767136677 0.0 1.0 0.0 0.9922778767136677 0.0 0.12403473458920847,1387.040827437881 0.022234421741501365 881.7908342941794,5
2,473,10,1,1.0 0.0 0.0 0.0 1.0 0.0 0.0 0.0 1.0,0.0 0.0 0.0,5
2,474,10,1,1.0 0.0 0.0 0.0 1.0 0.0 0.0 0.0 1.0,0.0 0.0 0.0,5
2,476,10,1,-0.7071067811865475 -0.7071067811865475 0.0 -0.7071067811865475 0.7071067811865475 0.0 0.0 0.0 -1.0,455.9257453062303 188.83795478528594 2313.979784744692,5
2,477,10,1,0.0 -0.12403473458920847 0.9922778767136677 -1.0 0.0 0.0 0.0 -0.9922778767136677 -0.12403473458920847,-1199.877739520879 -242.2304019780452 1084.7740662706524,5
2,480,10,1,1.0 0.0 0.0 0.0 1.0 0.0 0.0 0.0 1.0,0.0 0.0 0.0,5
2,491,10,1,1.0 0.0 0.0 0.0 1.0 0.0 0.0 0.0 1.0,0.0 0.0 0.0,5
2,494,10,1,1.0 0.0 0.0 0.0 1.0 0.0 0.0 0.0 1.0,0.0 0.0 0.0,5
2,499,10,1,1.0 0.0 0.0 0.0 1.0 0.0 0.0 0.0 1.0,0.044674286340011804 0.027992293367674392 -0.0038740438862987503,5
2,501,10,1,1.0 0.0 0.0 0.0 1.0 0.0 0.0 0.0 1.0,0.0 0.0 0.0,5
2,503,10,1,1.0 0.0 0.0 0.0 1.0 0.0 0.0 0.0 1.0,0.0 0.0 0.0,5
2,521,10,1,1.0 0.0 0.0 0.0 1.0 0.0 0.0 0.0 1.0,0.0 0.0 0.0,5
2,527,10,1,0.0 1.0 0.0 0.031234752377721213 0.0 -0.9995120760870788 -0.9995120760870788 0.0 -0.031234752377721213,277.9846776338313 1146.4044833256899 1469.6583487618009,5
2,529,10,1,1.0 0.0 0.0 0.0 1.0 0.0 0.0 0.0 1.0,0.12178223880255246 0.015642443074813883 -0.004301112094708515,5
2,532,10,1,1.0 0.0 0.0 0.0 1.0 0.0 0.0 0.0 1.0,0.0 0.0 0.0,5
2,535,10,1,0.0 1.0 0.0 -1.0 0.0 0.0 0.0 0.0 1.0,581.5819372457624 -275.3893523125297 0.0037349245733366843,5
2,540,10,1,1.0 0.0 0.0 0.0 1.0 0.0 0.0 0.0 1.0,0.0 0.0 0.0,5
2,543,10,1,1.0 0.0 0.0 0.0 1.0 0.0 0.0 0.0 1.0,0.0 0.0 0.0,5
2,549,10,1,1.0 0.0 0.0 0.0 1.0 0.0 0.0 0.0 1.0,0.0 0.0 0.0,5
2,560,10,1,1.0 0.0 0.0 0.0 1.0 0.0 0.0 0.0 1.0,0.0 0.0 0.0,5
2,563,10,1,1.0 0.0 0.0 0.0 1.0 0.0 0.0 0.0 1.0,0.0 0.0 0.0,5
2,571,10,1,0.9842370455593228 -0.15586089503920886 0.08357523285180085 0.1578831052178447 0.9872915714918983 -0.018118442202063323 -0.07968916636172627 0.031027959305042874 0.9963367415216294,-91.39283368465745 38.16480100346986 75.58044472990251,5
2,575,10,1,1.0 0.0 0.0 0.0 1.0 0.0 0.0 0.0 1.0,0.0 0.0 0.0,5
2,589,10,1,1.0 0.0 0.0 0.0 1.0 0.0 0.0 0.0 1.0,0.0 0.0 0.0,5
2,603,10,1,1.0 0.0 0.0 0.0 1.0 0.0 0.0 0.0 1.0,0.0 0.0 0.0,5
2,607,10,1,1.0 0.0 0.0 0.0 0.24253562503633297 0.9701425001453319 0.0 -0.9701425001453319 0.24253562503633297,0.008999489970506147 -1105.9262964267814 534.5456000686431,5
2,611,10,1,1.0 0.0 0.0 0.0 1.0 0.0 0.0 0.0 1.0,0.0 0.0 0.0,5
2,615,10,1,1.0 0.0 0.0 0.0 1.0 0.0 0.0 0.0 1.0,0.0 0.0 0.0,5
2,625,10,1,0.00781226159233428 0.0 -0.9999694838187878 0.0 1.0 0.0 0.9999694838187878 0.0 0.00781226159233428,1228.0205116883012 -0.014356131019724216 1241.4546992310684,5
2,642,10,1,1.0 0.0 0.0 0.0 1.0 0.0 0.0 0.0 1.0,0.0 0.0 0.0,5
2,648,10,1,1.0 0.0 0.0 0.0 1.0 0.0 0.0 0.0 1.0,0.1386293634323863 -0.0794321927168653 -0.0023985725786133116,5
2,649,10,1,1.0 0.0 0.0 0.0 1.0 0.0 0.0 0.0 1.0,0.0 0.0 0.0,5
2,650,10,1,0.44721359549995787 0.8944271909999157 0.0 -0.05579283526516705 0.027896417632583523 -0.9980525784828884 -0.8926853642426731 0.44634268212133654 0.06237828615518052,212.38218896983807 1104.6374450082146 1360.3568448156816,5
2,652,10,1,1.0 0.0 0.0 0.0 0.0 1.0 0.0 -1.0 0.0,0.051846481269024025 -1048.143667966284 513.7242703475139,5
2,667,10,1,1.0 0.0 0.0 0.0 1.0 0.0 0.0 0.0 1.0,0.0 0.0 0.0,5
2,669,10,1,1.0 0.0 0.0 0.0 1.0 0.0 0.0 0.0 1.0,0.0 0.0 0.0,5
2,679,10,1,1.0 0.0 0.0 0.0 1.0 0.0 0.0 0.0 1.0,0.0 0.0 0.0,5
2,691,10,1,1.0 0.0 0.0 0.0 1.0 0.0 0.0 0.0 1.0,0.0 0.0 0.0,5
2,695,10,1,1.0 0.0 0.0 0.0 1.0 0.0 0.0 0.0 1.0,0.0 0.0 0.0,5
2,703,10,1,1.0 0.0 0.0 0.0 1.0 0.0 0.0 0.0 1.0,0.0 0.0 0.0,5
2,708,10,1,1.0 0.0 0.0 0.0 1.0 0.0 0.0 0.0 1.0,0.0 0.0 0.0,5
2,711,10,1,1.0 0.0 0.0 0.0 1.0 0.0 0.0 0.0 1.0,0.0 0.0 0.0,5
2,727,10,1,1.0 0.0 0.0 0.0 1.0 0.0 0.0 0.0 1.0,0.0 0.0 0.0,5
2,736,10,1,1.0 0.0 0.0 0.0 1.0 0.0 0.0 0.0 1.0,0.0 0.0 0.0,5
2,737,10,1,1.0 0.0 0.0 0.0 1.0 0.0 0.0 0.0 1.0,0.0 0.0 0.0,5
2,739,10,1,0.0 1.0 0.0 0.24253562503633297 0.0 -0.9701425001453319 -0.9701425001453319 0.0 -0.24253562503633297,413.66894059794356 1046.5154585889334 1870.1297550985973,5
2,740,10,1,1.0 0.0 0.0 0.0 1.0 0.0 0.0 0.0 1.0,0.0 0.0 0.0,5
2,750,10,1,1.0 0.0 0.0 0.0 1.0 0.0 0.0 0.0 1.0,0.0 0.0 0.0,5
2,754,10,1,1.0 0.0 0.0 0.0 1.0 0.0 0.0 0.0 1.0,0.0 0.0 0.0,5
2,756,10,1,0.8944271909999159 0.4472135954999579 0.0 -0.4472135954999579 0.8944271909999159 0.0 0.0 0.0 1.0,133.47009019573073 177.44550641560411 -0.03717430367009911,5
2,757,10,1,1.0 0.0 0.0 0.0 1.0 0.0 0.0 0.0 1.0,0.0 0.0 0.0,5
2,758,10,1,1.0 0.0 0.0 0.0 1.0 0.0 0.0 0.0 1.0,0.0 0.0 0.0,5
2,761,10,1,1.0 0.0 0.0 0.0 1.0 0.0 0.0 0.0 1.0,0.0 0.0 0.0,5
2,762,10,1,1.0 0.0 0.0 0.0 1.0 0.0 0.0 0.0 1.0,-0.048927528925787556 0.09853682521080032 -0.01845748313758122,5
2,764,10,1,1.0 0.0 0.0 0.0 1.0 0.0 0.0 0.0 1.0,0.005471563608637098 0.01831071437770504 -0.0005906331637106632,5
2,768,10,1,1.0 0.0 0.0 0.0 1.0 0.0 0.0 0.0 1.0,0.0 0.0 0.0,5
2,769,10,1,1.0 0.0 0.0 0.0 1.0 0.0 0.0 0.0 1.0,0.0 0.0 0.0,5
2,770,10,1,1.0 0.0 0.0 0.0 1.0 0.0 0.0 0.0 1.0,0.0 0.0 0.0,5
2,773,10,1,1.0 0.0 0.0 0.0 1.0 0.0 0.0 0.0 1.0,0.0 0.0 0.0,5
2,775,10,1,1.0 0.0 0.0 0.0 1.0 0.0 0.0 0.0 1.0,0.0 0.0 0.0,5
2,785,10,1,1.0 0.0 0.0 0.0 1.0 0.0 0.0 0.0 1.0,0.0 0.0 0.0,5
2,788,10,1,1.0 0.0 0.0 0.0 1.0 0.0 0.0 0.0 1.0,0.0 0.0 0.0,5
2,791,10,1,1.0 0.0 0.0 0.0 1.0 0.0 0.0 0.0 1.0,0.0 0.0 0.0,5
2,794,10,1,1.0 0.0 0.0 0.0 1.0 0.0 0.0 0.0 1.0,0.0 0.0 0.0,5
2,801,10,1,1.0 0.0 0.0 0.0 1.0 0.0 0.0 0.0 1.0,0.0 0.0 0.0,5
2,803,10,1,-0.0025324454975440523 0.9992650549861232 0.03824835425717948 0.2594981957424229 -0.03628152667345558 0.9650618307801173 0.9657402720846998 0.012369345408066168 -0.2592155978484837,115.2393899680277 -1113.1364531513414 1285.0733765404975,5
2,804,10,1,1.0 0.0 0.0 0.0 1.0 0.0 0.0 0.0 1.0,0.0 0.0 0.0,5
2,808,10,1,1.0 0.0 0.0 0.0 1.0 0.0 0.0 0.0 1.0,0.0 0.0 0.0,5
2,809,10,1,1.0 0.0 0.0 0.0 1.0 0.0 0.0 0.0 1.0,0.0 0.0 0.0,5
2,819,10,1,1.0 0.0 0.0 0.0 1.0 0.0 0.0 0.0 1.0,0.0 0.0 0.0,5
2,821,10,1,1.0 0.0 0.0 0.0 1.0 0.0 0.0 0.0 1.0,0.0 0.0 0.0,5
2,828,10,1,1.0 0.0 0.0 0.0 1.0 0.0 0.0 0.0 1.0,1.8722763637635467 -3.1363196088164926 12.090914229223927,5
2,837,10,1,1.0 0.0 0.0 0.0 1.0 0.0 0.0 0.0 1.0,0.0 0.0 0.0,5
2,840,10,1,1.0 0.0 0.0 0.0 1.0 0.0 0.0 0.0 1.0,-0.003923147198008792 0.04130559760642427 0.003783461165994595,5
2,844,10,1,1.0 0.0 0.0 0.0 1.0 0.0 0.0 0.0 1.0,-0.07876021083905016 0.06804061132135075 0.0380583510152519,5
2,850,10,1,1.0 0.0 0.0 0.0 1.0 0.0 0.0 0.0 1.0,0.0 0.0 0.0,5
2,856,10,1,1.0 0.0 0.0 0.0 1.0 0.0 0.0 0.0 1.0,0.0 0.0 0.0,5
2,867,10,1,1.0 0.0 0.0 0.0 1.0 0.0 0.0 0.0 1.0,0.0 0.0 0.0,5
2,871,10,1,1.0 0.0 0.0 0.0 1.0 0.0 0.0 0.0 1.0,0.0 0.0 0.0,5
2,877,10,1,1.0 0.0 0.0 0.0 1.0 0.0 0.0 0.0 1.0,0.0 0.0 0.0,5
2,883,10,1,1.0 0.0 0.0 0.0 1.0 0.0 0.0 0.0 1.0,0.0 0.0 0.0,5
2,886,10,1,1.0 0.0 0.0 0.0 1.0 0.0 0.0 0.0 1.0,0.0 0.0 0.0,5
2,894,10,1,0.0 0.9325680982740895 0.3609941025577121 -1.0 0.0 0.0 0.0 -0.3609941025577121 0.9325680982740895,172.73993406115423 -234.1481694021383 -75.99090534956667,5
2,902,10,1,1.0 0.0 0.0 0.0 1.0 0.0 0.0 0.0 1.0,0.0 0.0 0.0,5
2,903,10,1,1.0 0.0 0.0 0.0 1.0 0.0 0.0 0.0 1.0,-0.03380917924391724 0.05468465876086981 0.024355897486884714,5
2,904,10,1,1.0 0.0 0.0 0.0 1.0 0.0 0.0 0.0 1.0,0.0 0.0 0.0,5
2,907,10,1,1.0 0.0 0.0 0.0 1.0 0.0 0.0 0.0 1.0,0.0 0.0 0.0,5
2,909,10,1,1.0 0.0 0.0 0.0 1.0 0.0 0.0 0.0 1.0,0.0 0.0 0.0,5
2,918,10,1,1.0 0.0 0.0 0.0 1.0 0.0 0.0 0.0 1.0,0.0 0.0 0.0,5
2,925,10,1,1.0 0.0 0.0 0.0 1.0 0.0 0.0 0.0 1.0,0.014753441264929279 -0.01019483993897552 -0.004981866932212142,5
2,934,10,1,1.0 0.0 0.0 0.0 1.0 0.0 0.0 0.0 1.0,0.0 0.0 0.0,5
2,942,10,1,-0.5895954717160516 0.5895954717160516 0.552045613571789 -0.7071067811865474 -0.7071067811865474 0.0 0.3903551968809004 -0.3903551968809004 0.8338139124146031,-62.29588257429427 -166.2089123996219 -1.9853375985900357,5
2,952,10,1,1.0 0.0 0.0 0.0 1.0 0.0 0.0 0.0 1.0,0.0 0.0 0.0,5
2,956,10,1,1.0 0.0 0.0 0.0 1.0 0.0 0.0 0.0 1.0,-0.007533648590253961 -0.00244478942954629 -0.04873793670867599,5
2,961,10,1,1.0 0.0 0.0 0.0 1.0 0.0 0.0 0.0 1.0,0.0 0.0 0.0,5
2,968,10,1,1.0 0.0 0.0 0.0 1.0 0.0 0.0 0.0 1.0,0.0 0.0 0.0,5
2,969,10,1,0.0038741942211303003 0.030993553769042403 -0.999512076087079 -0.992277876713668 0.1240347345892085 0.0 0.12397421507616956 0.9917937206093564 0.03123475237772122,1082.6212465594633 -285.5345924258665 1362.813068223494,5
2,982,10,1,1.0 0.0 0.0 0.0 1.0 0.0 0.0 0.0 1.0,0.0 0.0 0.0,5
2,984,10,1,1.0 0.0 0.0 0.0 1.0 0.0 0.0 0.0 1.0,0.0 0.0 0.0,5
2,991,10,1,1.0 0.0 0.0 0.0 1.0 0.0 0.0 0.0 1.0,0.0 0.0 0.0,5
2,1001,10,1,1.0 0.0 0.0 0.0 1.0 0.0 0.0 0.0 1.0,0.0 0.0 0.0,5
2,1012,10,1,1.0 0.0 0.0 0.0 1.0 0.0 0.0 0.0 1.0,0.04581234385989319 0.02764669505040729 -0.04826006153507478,5
2,1038,10,1,1.0 0.0 0.0 0.0 1.0 0.0 0.0 0.0 1.0,0.0 0.0 0.0,5
2,1050,10,1,1.0 0.0 0.0 0.0 1.0 0.0 0.0 0.0 1.0,0.0 0.0 0.0,5
2,1057,10,1,1.0 0.0 0.0 0.0 1.0 0.0 0.0 0.0 1.0,0.0 0.0 0.0,5
2,1061,10,1,1.0 0.0 0.0 0.0 1.0 0.0 0.0 0.0 1.0,0.0 0.0 0.0,5
2,1069,10,1,1.0 0.0 0.0 0.0 1.0 0.0 0.0 0.0 1.0,0.0 0.0 0.0,5
2,1071,10,1,1.0 0.0 0.0 0.0 1.0 0.0 0.0 0.0 1.0,0.0 0.0 0.0,5
2,1087,10,1,1.0 0.0 0.0 0.0 1.0 0.0 0.0 0.0 1.0,0.0 0.0 0.0,5
2,1098,10,1,1.0 0.0 0.0 0.0 1.0 0.0 0.0 0.0 1.0,-0.050398401649943025 -0.059764253812886636 0.03454693600383507,5
2,1099,10,1,1.0 0.0 0.0 0.0 1.0 0.0 0.0 0.0 1.0,0.0 0.0 0.0,5
2,1103,10,1,1.0 0.0 0.0 0.0 1.0 0.0 0.0 0.0 1.0,0.0 0.0 0.0,5
2,1107,10,1,1.0 0.0 0.0 0.0 1.0 0.0 0.0 0.0 1.0,0.0 0.0 0.0,5
2,1123,10,1,0.0 1.0 0.0 -1.0 0.0 0.0 0.0 0.0 1.0,504.1474715999035 353.08255197417327 0.019372937763137088,5
2,1131,10,1,1.0 0.0 0.0 0.0 1.0 0.0 0.0 0.0 1.0,0.016714848042056474 0.016159945962670008 0.048261634404525466,5
2,1144,10,1,1.0 0.0 0.0 0.0 1.0 0.0 0.0 0.0 1.0,0.0 0.0 0.0,5
2,1148,10,1,1.0 0.0 0.0 0.0 1.0 0.0 0.0 0.0 1.0,0.03702285200699862 -0.016990339786218556 0.07192854607330901,5
2,1151,10,1,1.0 0.0 0.0 0.0 1.0 0.0 0.0 0.0 1.0,0.017041328510401854 -0.00911722845597751 -0.0014992610529134254,5
2,1157,10,1,1.0 0.0 0.0 0.0 1.0 0.0 0.0 0.0 1.0,0.0 0.0 0.0,5
2,1168,10,1,1.0 0.0 0.0 0.0 1.0 0.0 0.0 0.0 1.0,0.0 0.0 0.0,5
2,1169,10,1,1.0 0.0 0.0 0.0 1.0 0.0 0.0 0.0 1.0,0.0 0.0 0.0,5
2,1176,10,1,1.0 0.0 0.0 0.0 1.0 0.0 0.0 0.0 1.0,0.0 0.0 0.0,5
2,1180,10,1,1.0 0.0 0.0 0.0 1.0 0.0 0.0 0.0 1.0,0.0 0.0 0.0,5
2,1199,10,1,1.0 0.0 0.0 0.0 1.0 0.0 0.0 0.0 1.0,0.0 0.0 0.0,5
2,1212,10,1,1.0 0.0 0.0 0.0 1.0 0.0 0.0 0.0 1.0,0.0 0.0 0.0,5
2,3,11,1,1.0 0.0 0.0 0.0 1.0 0.0 0.0 0.0 1.0,0.0 0.0 0.0,5
2,8,11,1,1.0 0.0 0.0 0.0 1.0 0.0 0.0 0.0 1.0,0.0 0.0 0.0,5
2,17,11,1,1.0 0.0 0.0 0.0 1.0 0.0 0.0 0.0 1.0,0.0 0.0 0.0,5
2,27,11,1,1.0 0.0 0.0 0.0 1.0 0.0 0.0 0.0 1.0,0.0 0.0 0.0,5
2,36,11,1,1.0 0.0 0.0 0.0 1.0 0.0 0.0 0.0 1.0,0.0 0.0 0.0,5
2,38,11,1,1.0 0.0 0.0 0.0 1.0 0.0 0.0 0.0 1.0,0.0 0.0 0.0,5
2,39,11,1,1.0 0.0 0.0 0.0 1.0 0.0 0.0 0.0 1.0,0.02690029420929818 0.02578510227987607 0.00655041423556213,5
2,41,11,1,1.0 0.0 0.0 0.0 1.0 0.0 0.0 0.0 1.0,0.0 0.0 0.0,5
2,47,11,1,1.0 0.0 0.0 0.0 1.0 0.0 0.0 0.0 1.0,0.0 0.0 0.0,5
2,58,11,1,1.0 0.0 0.0 0.0 1.0 0.0 0.0 0.0 1.0,0.0 0.0 0.0,5
2,61,11,1,1.0 0.0 0.0 0.0 1.0 0.0 0.0 0.0 1.0,0.0 0.0 0.0,5
2,62,11,1,1.0 0.0 0.0 0.0 1.0 0.0 0.0 0.0 1.0,0.0 0.0 0.0,5
2,64,11,1,1.0 0.0 0.0 0.0 1.0 0.0 0.0 0.0 1.0,0.0 0.0 0.0,5
2,65,11,1,0.12403473458920847 0.0 -0.9922778767136677 0.0 1.0 0.0 0.9922778767136677 0.0 0.12403473458920847,1240.7162806747128 -0.008466067547971079 886.5936055511972,5
2,69,11,1,1.0 0.0 0.0 0.0 1.0 0.0 0.0 0.0 1.0,-0.018805299435314282 -0.062019122365967405 0.004668121600388986,5
2,72,11,1,1.0 0.0 0.0 0.0 1.0 0.0 0.0 0.0 1.0,0.0 0.0 0.0,5
2,79,11,1,0.06237828615518053 0.007797047826012065 -0.9980221217295443 0.9980525784828885 -0.00048731548912575405 0.06237638260809652 0.0 -0.9999694838187878 -0.00781226159233428,1356.639126637314 -279.5704215600451 1173.595479746265,5
2,89,11,1,1.0 0.0 0.0 0.0 1.0 0.0 0.0 0.0 1.0,0.0 0.0 0.0,5
2,96,11,1,1.0 0.0 0.0 0.0 1.0 0.0 0.0 0.0 1.0,0.0 0.0 0.0,5
2,97,11,1,1.0 0.0 0.0 0.0 1.0 0.0 0.0 0.0 1.0,0.0 0.0 0.0,5
2,102,11,1,0.12309149097933267 -0.12309149097933267 0.9847319278346615 -0.7071067811865474 -0.7071067811865474 0.0 0.6963106238227911 -0.6963106238227911 -0.1740776559556978,-871.7006327591157 -237.3669764568191 921.9099148748742,5
2,107,11,1,0.9980525784828884 0.0 -0.062378286155180526 -0.007722237961660775 -0.9923075780734095 -0.1235558073865724 -0.06189844605901728 0.12379689211803457 -0.9903751369442765,59.45427236053589 -162.45390431232482 1916.625200415338,5
2,110,11,1,1.0 0.0 0.0 0.0 1.0 0.0 0.0 0.0 1.0,0.0 0.0 0.0,5
2,115,11,1,0.02789641763258353 0.8944271909999159 0.4463426821213365 0.05579283526516706 -0.4472135954999579 0.892685364242673 0.9980525784828884 0.0 -0.062378286155180526,-295.32275366249365 -1271.624707350755 1151.0895009283172,5
2,119,11,1,1.0 0.0 0.0 0.0 1.0 0.0 0.0 0.0 1.0,0.0 0.0 0.0,5
2,124,11,1,1.0 0.0 0.0 0.0 1.0 0.0 0.0 0.0 1.0,0.0 0.0 0.0,5
2,126,11,1,1.0 0.0 0.0 0.0 1.0 0.0 0.0 0.0 1.0,0.0 0.0 0.0,5
2,136,11,1,1.0 0.0 0.0 0.0 1.0 0.0 0.0 0.0 1.0,0.0 0.0 0.0,5
2,153,11,1,1.0 0.0 0.0 0.0 1.0 0.0 0.0 0.0 1.0,-0.15736843575263038 -0.0015788926737343445 -0.015407208189344601,5
2,156,11,1,1.0 0.0 0.0 0.0 1.0 0.0 0.0 0.0 1.0,0.0 0.0 0.0,5
2,162,11,1,1.0 0.0 0.0 0.0 1.0 0.0 0.0 0.0 1.0,0.0 0.0 0.0,5
2,166,11,1,1.0 0.0 0.0 0.0 1.0 0.0 0.0 0.0 1.0,0.0 0.0 0.0,5
2,175,11,1,1.0 0.0 0.0 0.0 1.0 0.0 0.0 0.0 1.0,0.0 0.0 0.0,5
2,176,11,1,1.0 0.0 0.0 0.0 1.0 0.0 0.0 0.0 1.0,-0.003928424822802867 -0.029971049641204672 0.023318949876511397,5
2,178,11,1,1.0 0.0 0.0 0.0 1.0 0.0 0.0 0.0 1.0,0.0 0.0 0.0,5
2,203,11,1,1.0 0.0 0.0 0.0 1.0 0.0 0.0 0.0 1.0,0.0 0.0 0.0,5
2,207,11,1,1.0 0.0 0.0 0.0 1.0 0.0 0.0 0.0 1.0,0.0 0.0 0.0,5
2,217,11,1,1.0 0.0 0.0 0.0 1.0 0.0 0.0 0.0 1.0,0.0 0.0 0.0,5
2,219,11,1,0.0 1.0 0.0 -0.9999999999999999 0.0 0.0 0.0 0.0 0.9999999999999999,90.25585249799164 -3.0403888458385566 0.11716830759144159,5
2,221,11,1,1.0 0.0 0.0 0.0 1.0 0.0 0.0 0.0 1.0,0.0 0.0 0.0,5
2,224,11,1,1.0 0.0 0.0 0.0 1.0 0.0 0.0 0.0 1.0,0.0 0.0 0.0,5
2,243,11,1,-1.0 0.0 0.0 0.0 0.0 -1.0 0.0 -1.0 0.0,-127.25688508337905 847.359843417448 847.3243527472781,5
2,248,11,1,1.0 0.0 0.0 0.0 1.0 0.0 0.0 0.0 1.0,0.0 0.0 0.0,5
2,249,11,1,1.0 0.0 0.0 0.0 0.0 -1.0 0.0 1.0 0.0,-0.004729498857827252 926.9004288956786 933.1543023635521,5
2,254,11,1,1.0 0.0 0.0 0.0 1.0 0.0 0.0 0.0 1.0,0.0 0.0 0.0,5
2,258,11,1,1.0 0.0 0.0 0.0 1.0 0.0 0.0 0.0 1.0,0.0 0.0 0.0,5
2,263,11,1,1.0 0.0 0.0 0.0 1.0 0.0 0.0 0.0 1.0,0.0 0.0 0.0,5
2,266,11,1,1.0 0.0 0.0 0.0 1.0 0.0 0.0 0.0 1.0,0.0 0.0 0.0,5
2,268,11,1,1.0 0.0 0.0 0.0 1.0 0.0 0.0 0.0 1.0,0.013214775447750071 -0.0010926354780735892 -0.005635300484755135,5
2,277,11,1,1.0 0.0 0.0 0.0 1.0 0.0 0.0 0.0 1.0,0.0 0.0 0.0,5
2,283,11,1,1.0 0.0 0.0 0.0 1.0 0.0 0.0 0.0 1.0,0.0 0.0 0.0,5
2,307,11,1,0.24209101306752098 0.24253562503633297 -0.9394511227201641 0.060522753266880246 -0.9701425001453319 -0.23486278068004102 -0.9683640522700839 0.0 -0.2495417044725436,597.7252338564633 105.99857034577018 788.079307510012,5
2,310,11,1,0.4472135954999579 0.8944271909999159 0.0 -0.8944271909999159 0.4472135954999579 0.0 0.0 0.0 1.0,28.666894880174567 -208.99531586960404 0.04076311942640132,5
2,322,11,1,1.0 0.0 0.0 0.0 1.0 0.0 0.0 0.0 1.0,0.025094226438000078 -0.015167940091121324 0.015283107707887211,5
2,326,11,1,1.0 0.0 0.0 0.0 1.0 0.0 0.0 0.0 1.0,0.0 0.0 0.0,5
2,338,11,1,1.0 0.0 0.0 0.0 1.0 0.0 0.0 0.0 1.0,0.0 0.0 0.0,5
2,342,11,1,1.0 0.0 0.0 0.0 1.0 0.0 0.0 0.0 1.0,0.0 0.0 0.0,5
2,356,11,1,1.0 0.0 0.0 0.0 1.0 0.0 0.0 0.0 1.0,0.0 0.0 0.0,5
2,362,11,1,1.0 0.0 0.0 0.0 1.0 0.0 0.0 0.0 1.0,0.0 0.0 0.0,5
2,365,11,1,1.0 0.0 0.0 0.0 1.0 0.0 0.0 0.0 1.0,0.0 0.0 0.0,5
2,368,11,1,1.0 0.0 0.0 0.0 1.0 0.0 0.0 0.0 1.0,0.0 0.0 0.0,5
2,387,11,1,1.0 0.0 0.0 0.0 1.0 0.0 0.0 0.0 1.0,0.0 0.0 0.0,5
2,389,11,1,-0.7461618097941832 0.507676380411633 0.4307055216465324 -0.5076763804116331 -0.01535276082326617 -0.8614110432930646 -0.43070552164653236 -0.8614110432930647 0.26919095102908275,-77.97400124349438 544.2713461484841 461.7504717229758,5
2,402,11,1,1.0 0.0 0.0 0.0 1.0 0.0 0.0 0.0 1.0,-0.0046744131932996424 0.03379433606227167 0.02656233787297424,5
2,415,11,1,1.0 0.0 0.0 0.0 1.0 0.0 0.0 0.0 1.0,0.0 0.0 0.0,5
2,417,11,1,0.992277876713668 0.0 0.1240347345892085 0.0 1.0 0.0 -0.1240347345892085 0.0 0.992277876713668,-133.5693540374127 -0.03726944552610689 -12.010535749481278,5
2,425,11,1,1.0 0.0 0.0 0.0 1.0 0.0 0.0 0.0 1.0,0.0 0.0 0.0,5
2,428,11,1,1.0 0.0 0.0 0.0 1.0 0.0 0.0 0.0 1.0,0.0 0.0 0.0,5
2,434,11,1,0.08770580193070293 0.7071067811865475 -0.7016464154456235 -0.08770580193070293 0.7071067811865475 0.7016464154456235 0.992277876713668 0.0 0.1240347345892085,517.0973153388047 -804.1722816087748 1257.5096805414648,5
2,435,11,1,1.0 0.0 0.0 0.0 1.0 0.0 0.0 0.0 1.0,0.0 0.0 0.0,5
2,438,11,1,1.0 0.0 0.0 0.0 1.0 0.0 0.0 0.0 1.0,0.0 0.0 0.0,5
2,442,11,1,1.0 0.0 0.0 0.0 1.0 0.0 0.0 0.0 1.0,0.0 0.0 0.0,5
2,446,11,1,1.0 0.0 0.0 0.0 1.0 0.0 0.0 0.0 1.0,0.0 0.0 0.0,5
2,453,11,1,1.0 0.0 0.0 0.0 1.0 0.0 0.0 0.0 1.0,0.0 0.0 0.0,5
2,473,11,1,1.0 0.0 0.0 0.0 1.0 0.0 0.0 0.0 1.0,0.0 0.0 0.0,5
2,474,11,1,1.0 0.0 0.0 0.0 1.0 0.0 0.0 0.0 1.0,0.0 0.0 0.0,5
2,476,11,1,1.0 0.0 0.0 0.0 1.0 0.0 0.0 0.0 1.0,0.0 0.0 0.0,5
2,477,11,1,0.9999999999999999 0.0 0.0 0.0 1.0 0.0 0.0 0.0 0.9999999999999999,-0.11546933729817255 0.033531794026629314 0.003529908877339949,5
2,480,11,1,1.0 0.0 0.0 0.0 1.0 0.0 0.0 0.0 1.0,0.0 0.0 0.0,5
2,491,11,1,1.0 0.0 0.0 0.0 1.0 0.0 0.0 0.0 1.0,0.01398389686534074 -0.003728613191469776 0.023086777502271616,5
2,494,11,1,1.0 0.0 0.0 0.0 1.0 0.0 0.0 0.0 1.0,0.0 0.0 0.0,5
2,499,11,1,1.0 0.0 0.0 0.0 1.0 0.0 0.0 0.0 1.0,-0.002838986725578252 0.015071064115318222 -0.006809590736565951,5
2,501,11,1,1.0 0.0 0.0 0.0 1.0 0.0 0.0 0.0 1.0,0.0 0.0 0.0,5
2,503,11,1,1.0 0.0 0.0 0.0 1.0 0.0 0.0 0.0 1.0,0.0 0.0 0.0,5
2,521,11,1,1.0 0.0 0.0 0.0 1.0 0.0 0.0 0.0 1.0,0.0 0.0 0.0,5
2,527,11,1,1.0 0.0 0.0 0.0 1.0 0.0 0.0 0.0 1.0,-0.05938774033779737 0.020917833459122903 -0.06482261477003703,5
2,529,11,1,1.0 0.0 0.0 0.0 1.0 0.0 0.0 0.0 1.0,0.0 0.0 0.0,5
2,532,11,1,0.1240347345892085 0.0 -0.992277876713668 0.0 1.0 0.0 0.992277876713668 0.0 0.1240347345892085,728.0361743213127 -0.004342312765174938 859.3456072311371,5
2,540,11,1,0.478425700170963 -0.5030851439071767 -0.7197320247118498 0.5200376635493538 0.8227572186886286 -0.2294153168074911 0.7075801565236639 -0.2645295769392287 0.6552514212256992,236.41007628940295 395.1363997502338 77.95508749409765,5
2,543,11,1,1.0 0.0 0.0 0.0 1.0 0.0 0.0 0.0 1.0,0.0 0.0 0.0,5
2,549,11,1,0.0 0.0 1.0 0.0 1.0 0.0 -1.0 0.0 0.0,-1119.0249870838904 0.09810244240216548 481.45778476764417,5
2,560,11,1,1.0 0.0 0.0 0.0 1.0 0.0 0.0 0.0 1.0,0.0 0.0 0.0,5
2,563,11,1,1.0 0.0 0.0 0.0 1.0 0.0 0.0 0.0 1.0,0.0 0.0 0.0,5
2,571,11,1,1.0 0.0 0.0 0.0 1.0 0.0 0.0 0.0 1.0,0.0 0.0 0.0,5
2,575,11,1,1.0 0.0 0.0 0.0 1.0 0.0 0.0 0.0 1.0,0.0 0.0 0.0,5
2,589,11,1,1.0 0.0 0.0 0.0 1.0 0.0 0.0 0.0 1.0,0.0 0.0 0.0,5
2,603,11,1,1.0 0.0 0.0 0.0 1.0 0.0 0.0 0.0 1.0,0.0 0.0 0.0,5
2,642,11,1,1.0 0.0 0.0 0.0 1.0 0.0 0.0 0.0 1.0,0.0 0.0 0.0,5
2,648,11,1,1.0 0.0 0.0 0.0 0.44721359549995787 0.8944271909999157 0.0 -0.8944271909999157 0.44721359549995787,1.602671665993057 -217.83458696389965 358.3210385547396,5
2,650,11,1,1.0 0.0 0.0 0.0 1.0 0.0 0.0 0.0 1.0,0.0 0.0 0.0,5
2,667,11,1,1.0 0.0 0.0 0.0 1.0 0.0 0.0 0.0 1.0,0.0 0.0 0.0,5
2,669,11,1,1.0 0.0 0.0 0.0 1.0 0.0 0.0 0.0 1.0,0.015926673812032277 0.009910785748814988 0.09122609212749921,5
2,703,11,1,1.0 0.0 0.0 0.0 1.0 0.0 0.0 0.0 1.0,0.0 0.0 0.0,5
2,708,11,1,0.0 0.0 1.0 0.0 1.0 0.0 -1.0 0.0 0.0,-1333.082887676024 -0.022961694552122935 664.415982574722,5
2,711,11,1,1.0 0.0 0.0 0.0 1.0 0.0 0.0 0.0 1.0,0.0 0.0 0.0,5
2,727,11,1,1.0 0.0 0.0 0.0 1.0 0.0 0.0 0.0 1.0,0.0 0.0 0.0,5
2,736,11,1,1.0 0.0 0.0 0.0 1.0 0.0 0.0 0.0 1.0,0.0 0.0 0.0,5
2,737,11,1,1.0 0.0 0.0 0.0 1.0 0.0 0.0 0.0 1.0,0.0 0.0 0.0,5
2,739,11,1,1.0 0.0 0.0 0.0 1.0 0.0 0.0 0.0 1.0,0.0 0.0 0.0,5
2,740,11,1,1.0 0.0 0.0 0.0 1.0 0.0 0.0 0.0 1.0,0.0 0.0 0.0,5
2,750,11,1,1.0 0.0 0.0 0.0 1.0 0.0 0.0 0.0 1.0,0.10860368066977344 0.01749496560728403 0.0860962966507941,5
2,754,11,1,1.0 0.0 0.0 0.0 1.0 0.0 0.0 0.0 1.0,0.0 0.0 0.0,5
2,756,11,1,1.0 0.0 0.0 0.0 1.0 0.0 0.0 0.0 1.0,0.0 0.0 0.0,5
2,757,11,1,1.0 0.0 0.0 0.0 1.0 0.0 0.0 0.0 1.0,0.051844761503559766 -0.026027559630236397 -0.08230712790134476,5
2,758,11,1,1.0 0.0 0.0 0.0 1.0 0.0 0.0 0.0 1.0,0.0 0.0 0.0,5
2,761,11,1,1.0 0.0 0.0 0.0 1.0 0.0 0.0 0.0 1.0,0.0 0.0 0.0,5
2,768,11,1,1.0 0.0 0.0 0.0 1.0 0.0 0.0 0.0 1.0,0.0 0.0 0.0,5
2,769,11,1,1.0 0.0 0.0 0.0 1.0 0.0 0.0 0.0 1.0,0.0 0.0 0.0,5
2,773,11,1,1.0 0.0 0.0 0.0 1.0 0.0 0.0 0.0 1.0,0.0 0.0 0.0,5
2,775,11,1,1.0 0.0 0.0 0.0 1.0 0.0 0.0 0.0 1.0,-0.005552710771610236 -0.0028355081772133417 0.00464122706625858,5
2,785,11,1,0.0 -0.24253562503633297 -0.9701425001453319 1.0 0.0 0.0 0.0 -0.9701425001453319 0.24253562503633297,577.3017570056699 220.8778657087205 623.0841812191208,5
2,788,11,1,1.0 0.0 0.0 0.0 1.0 0.0 0.0 0.0 1.0,0.0 0.0 0.0,5
2,791,11,1,1.0 0.0 0.0 0.0 1.0 0.0 0.0 0.0 1.0,0.0 0.0 0.0,5
2,801,11,1,1.0 0.0 0.0 0.0 1.0 0.0 0.0 0.0 1.0,0.0 0.0 0.0,5
2,803,11,1,1.0 0.0 0.0 0.0 1.0 0.0 0.0 0.0 1.0,0.0 0.0 0.0,5
2,804,11,1,0.0 -0.9761870601839527 -0.216930457818656 1.0 0.0 0.0 0.0 -0.216930457818656 0.9761870601839527,5.3271688636424415 488.21505152809226 54.04444222347672,5
2,808,11,1,1.0 0.0 0.0 0.0 1.0 0.0 0.0 0.0 1.0,0.13512681390943726 -0.07455614963923551 -0.046298304203446605,5
2,819,11,1,1.0 0.0 0.0 0.0 1.0 0.0 0.0 0.0 1.0,0.0 0.0 0.0,5
2,821,11,1,0.0 1.0 0.0 -1.0 0.0 0.0 0.0 0.0 1.0,-555.2883234934928 -187.9377348271915 0.007730836587484191,5
2,828,11,1,1.0 0.0 0.0 0.0 1.0 0.0 0.0 0.0 1.0,0.0 0.0 0.0,5
2,837,11,1,-0.8944271909999159 -0.19999999999999996 0.3999999999999999 -0.4472135954999579 0.3999999999999999 -0.7999999999999998 0.0 -0.8944271909999157 -0.44721359549995787,-694.4765637311399 665.313468851871 1341.7602676053248,5
2,840,11,1,1.0 0.0 0.0 0.0 1.0 0.0 0.0 0.0 1.0,0.0 0.0 0.0,5
2,844,11,1,1.0 0.0 0.0 0.0 1.0 0.0 0.0 0.0 1.0,0.0 0.0 0.0,5
2,856,11,1,1.0 0.0 0.0 0.0 1.0 0.0 0.0 0.0 1.0,0.0 0.0 0.0,5
2,902,11,1,-1.0 0.0 0.0 0.0 0.062378286155180526 -0.9980525784828884 0.0 -0.9980525784828884 -0.062378286155180526,-449.83501942168647 401.21689482169427 427.02957915917926,5
2,903,11,1,1.0 0.0 0.0 0.0 1.0 0.0 0.0 0.0 1.0,0.057109269280942954 -0.008452300690862558 -0.12264993769213106,5
2,904,11,1,1.0 0.0 0.0 0.0 1.0 0.0 0.0 0.0 1.0,0.0 0.0 0.0,5
2,907,11,1,1.0 0.0 0.0 0.0 1.0 0.0 0.0 0.0 1.0,0.0 0.0 0.0,5
2,909,11,1,1.0 0.0 0.0 0.0 1.0 0.0 0.0 0.0 1.0,0.0 0.0 0.0,5
2,1012,11,1,1.0 0.0 0.0 0.0 1.0 0.0 0.0 0.0 1.0,0.0 0.0 0.0,5
2,1038,11,1,0.7081793546051655 -0.4933486466259239 -0.5050634757962429 0.27769715482912355 0.8523319787386444 -0.44318674192633306 0.6491273310459367 0.1736010106302318 0.7406054261192941,112.15085774350983 460.91056738958247 284.51246935783746,5
2,1050,11,1,0.24066273503847474 0.12403473458920847 -0.962650940153899 0.030082841879809342 -0.9922778767136677 -0.12033136751923737 -0.9701425001453319 0.0 -0.24253562503633297,514.3942178087027 50.65182939658554 662.5677364160355,5
2,1057,11,1,1.0 0.0 0.0 0.0 1.0 0.0 0.0 0.0 1.0,0.0 0.0 0.0,5
2,1071,11,1,1.0 0.0 0.0 0.0 1.0 0.0 0.0 0.0 1.0,0.0 0.0 0.0,5
2,1098,11,1,-0.8944271909999159 0.0 0.4472135954999579 0.0 1.0 0.0 -0.4472135954999579 0.0 -0.8944271909999159,-1348.0007670089294 -0.011450036044458045 1519.767282301154,5
2,1099,11,1,1.0 0.0 0.0 0.0 1.0 0.0 0.0 0.0 1.0,0.0 0.0 0.0,5
2,1103,11,1,1.0 0.0 0.0 0.0 0.0 1.0 0.0 -1.0 0.0,-0.15274680192220558 -649.2725958271014 1054.1605035758143,5
2,1107,11,1,1.0 0.0 0.0 0.0 1.0 0.0 0.0 0.0 1.0,0.0 0.0 0.0,5
2,1117,11,1,1.0 0.0 0.0 0.0 1.0 0.0 0.0 0.0 1.0,0.0 0.0 0.0,5
2,1131,11,1,1.0 0.0 0.0 0.0 1.0 0.0 0.0 0.0 1.0,0.08355388768183047 0.08211936511727913 -0.1368870992620259,5
2,1168,11,1,0.0 1.0 0.0 -0.12403473458920847 0.0 -0.9922778767136677 -0.9922778767136677 0.0 0.12403473458920847,-404.4624151303972 542.6622163612587 121.94587415084288,5
2,3,12,1,0.9999998848450314 -0.00023076884614223886 -0.0004207798288459741 0.00023070468493644608 0.9999999617559157 -0.0001525238198485379 0.00042081501049953673 0.0001524267264069179 0.9999998998404053,0.5141787035934868 0.16649384219294916 0.05344194184885964,5
2,8,12,1,0.9999996563784839 -0.0007429173085045093 -0.0003678543029871917 0.0007428411632315335 0.9999997026499458 -0.0002070918356723156 0.0003680080457148238 0.0002068185071929518 0.9999999108980877,0.5802133328529635 0.4768100519063978 0.058195526529971175,5
2,17,12,1,0.9999994885722766 -0.0010015329846431165 -0.00014066579281012126 0.0010015294108304817 0.9999994981448174 -2.5474552695345376e-05 0.00014069123582090282 2.533365873805954e-05 0.9999999897820909,0.29392826696573593 0.243576324499017 -0.02706487661328083,5
2,27,12,1,0.9999998539807078 -0.0002797996146526177 -0.00046233184958006934 0.0002801997448790908 0.9999995860923006 0.0008656230879031113 0.0004620894572110318 -0.0008657525067721217 0.9999995184728494,0.5512711136637094 -0.8031927749919134 0.2546679733028441,5
2,36,12,1,0.9999999885452139 0.00014642394518728924 3.833537590904393e-05 -0.00014639984351284135 0.9999997921194211 -0.0006279555723291419 -3.842731567255467e-05 0.0006279499528430432 0.9999998021010794,-0.09843715967683409 0.5932191467255166 -0.25309602593858926,5
2,38,12,1,0.9999999593848531 -4.425037271396648e-05 -0.00028155318526754125 4.4757912223747365e-05 0.9999983737893907 0.001802890818442593 0.00028147294881161744 -0.0018029033469512123 0.9999983351548641,0.3202386558334531 -1.6432064966147095 0.6638583079500222,5
2,39,12,1,0.9999999010757802 0.00010737696406709282 0.0004316464019745586 -0.00010761301358992725 0.9999998446749306 0.0005468725199177515 -0.0004315876134181468 -0.0005469189165889787 0.9999997573058858,-0.4340655671183633 -0.6321552014181862 0.19149463784788168,5
2,41,12,1,0.9999999685231048 0.00011208169296191266 0.00022448047549107923 -0.00011197984217568499 0.9999998908179424 -0.000453678981993777 -0.00022453130009035234 0.0004536538304252269 0.9999998718919407,-0.18546756681017484 0.3928776573556547 -0.07840884580332386,5
2,47,12,1,0.9999999584003636 0.00023129701058730023 -0.0001723396754802209 -0.00023143035257125466 0.9999996736058525 -0.0007740983016208403 0.00017216057260693862 0.0007741381540506964 0.9999996855353784,0.1772829043169537 0.7142392548877297 -0.19596728084559345,5
2,58,12,1,0.9999999826655123 6.840612619452013e-05 0.00017317499128288727 -6.841617392361332e-05 0.9999999959767198 5.8015409710177046e-05 -0.0001731710219765592 -5.802725667530817e-05 0.9999999833223175,-0.19166257557637323 -0.055169262281680176 0.07591120480969948,5
2,61,12,1,0.9904469081872346 -0.1366342344813742 -0.018601291085142857 0.12485997345321098 0.9458765008192646 -0.2995457097458858 0.05852272286564412 0.2943615653674785 0.9539006026535457,-85.8949093846122 287.6836191916633 -3.401734484988282,5
2,62,12,1,0.8637908154504542 -0.25378150587198367 0.43527046123161867 0.07455546137979777 0.9187569975189113 0.38772034082374335 -0.4983040340212821 -0.302457479304749 0.8125346533476181,-96.0565630802783 -260.1164717257492 240.1997719451405,5
2,64,12,1,0.999999987342864 -0.00011775547509376705 -0.00010699495688398786 0.00011771584845673977 0.9999999245138813 -0.0003702907124069621 0.00010703855256616324 0.0003702781127181143 0.9999999257184313,0.09508285518267456 0.2899024532506189 -0.10657521753705623,5
2,65,12,1,0.9999999198433797 0.0003717001575244405 0.00014883624541039975 -0.00037180974578436554 0.9999996593299924 0.0007369514317638048 -0.00014856226974302444 -0.0007370067114587098 0.99999971737514,-0.15062665670788533 -0.698721929393713 0.11308778165926014,5
2,69,12,1,0.999999140858041 0.0010980610905038934 0.0007159224971777234 -0.001098030657578214 0.9999993962439352 -4.290035451998131e-05 -0.00071596917214517 4.211421281198613e-05 0.9999997428072361,-0.9176929241057223 0.011813030789085133 -0.0326578062245062,5
2,72,12,1,0.9999999801569401 7.148673623885715e-05 -0.00018594559855311665 -7.150178950460218e-05 0.9999999941673093 -8.094982604331391e-05 0.00018593981062943465 8.096311988028959e-05 0.9999999794356791,0.12642513635483965 0.009047684234445796 -0.02227287250104837,5
2,79,12,1,0.999999376447216 -0.0010865646110015947 0.00025784205451601094 0.0010864162236240982 0.9999992445709791 0.0005749410930520754 -0.00025846657037920107 -0.000574660610754632 0.9999998014800872,-0.1934754654972224 -0.4182418436849247 0.1380464437088449,5
2,89,12,1,0.9999996852141159 0.00023126550751351171 0.0007590045674481516 -0.0002301535064795912 0.999998900637918 -0.001464838666227708 -0.0007593424996852338 0.001464663517554643 0.9999986390789479,-0.7416737737433721 1.4215553071995828 -0.43829489349332107,5
2,96,12,1,0.9898016681593668 -0.13865970650418763 -0.0326518529506017 0.1420161952033302 0.9425782842766641 0.3022872447028331 -0.011138133097822328 -0.303841510992546 0.9526574820935706,62.9213072944049 -225.89871332813712 92.22297962535856,5
2,97,12,1,0.9962459244502976 0.009343415149271584 -0.08606252732474776 -0.03326695205228535 0.9591417906459176 -0.28096322773220106 0.0799210104873892 0.28277150851861677 0.9558519268447297,190.02496535496334 264.6196494306035 127.4528209876229,5
2,102,12,1,0.9413320440312158 0.17537818966300667 -0.28833396170160047 -0.1493388395203185 0.9826335308130152 0.11013289759500255 0.3026415270427011 -0.06061216637337136 0.951175205415274,269.8541960156564 -92.34848766552116 40.516963702504086,5
2,107,12,1,0.9955424413758286 -0.06746221850874247 -0.0659097602281665 0.035623378923563945 0.9160288521344401 -0.3995273669366459 0.08732824453476601 0.39539852191319563 0.9143488319975791,56.60895101026924 486.58294866787327 110.9068088807195,5
2,110,12,1,0.9999994886572154 -0.00020664976524917972 0.0009899399891964977 0.0002070414393025924 0.9999999003298154 -0.00039556820148023766 -0.000989858146453082 0.00039577295780949054 0.9999994317721466,-1.1756851994309159 0.45637150983933594 -0.1724745897147386,5
2,115,12,1,0.9999998518024101 0.0005414556737095289 -5.6753073800652754e-05 -0.0005414420868753989 0.9999998248250055 0.0002391451969724831 5.688255038252543e-05 -0.00023911443302898627 0.9999999697943318,-0.14687159529574956 -0.41276948774117983 -0.04196355938643137,5
2,119,12,1,0.9999999055839767 -0.0004040309894576821 -0.00015997186416433218 0.00040400443594151847 0.9999999046144937 -0.00016598620233132522 0.00016003891247509672 0.00016592155731673386 0.9999999734287912,0.1898191253634245 0.2623217866485845 -0.052811210468917125,5
2,124,12,1,0.9999998642961568 0.0005041495978623245 0.0001313044253464582 -0.0005041652747208025 0.9999998657819913 0.00011938750368642448 -0.00013124421856117174 -0.0001194536866168383 0.9999999842528858,-0.2897021775472979 -0.16950107958487592 0.012374177650258389,5
2,126,12,1,0.9999998720329618 0.00031579978454754354 0.0003952272207152774 -0.0003159792976408504 0.9999998469195999 0.0004542222591451539 -0.00039508371692240085 -0.00045434708463920614 0.9999998187387755,-0.413758384425293 -0.4314003382546332 -0.05919390383951395,5
2,136,12,1,0.9999999688341227 -0.00024729093541420166 3.433581907708039e-05 0.0002472687174149696 0.9999997610405155 0.0006455827552255683 -3.4495457634842186e-05 -0.0006455742449311547 0.9999997910219576,-0.12597923651082965 -0.4305886285811269 0.038069752915134814,5
2,153,12,1,0.9999999282459511 -9.558977445388306e-06 -0.00037870399921940967 9.576136790111212e-06 0.9999999989277 4.530891531728809e-05 0.0003787035657062121 -4.531253858719442e-05 0.9999999272651895,0.43240611642560367 -0.023769484844656574 0.046436513645403465,5
2,156,12,1,0.9999996086594242 0.0006949976516320011 0.0005474114205856057 -0.0006950371676547745 0.9999997558696289 7.200013608077427e-05 -0.000547361247020664 -7.238057918740326e-05 0.9999998475783471,-0.6818597785480733 -0.19783241935917317 -0.20314715356335,5
2,162,12,1,0.9999999134094402 -0.00041177454120675666 -6.019002977583621e-05 0.00041182003781269766 0.9999996280451595 0.0007578349411674901 5.9877950252668066e-05 -0.0007578596630063994 0.9999997110316396,0.1982069044829302 -0.6616613159557687 0.2853581405164505,5
2,166,12,1,0.9999999779410864 -0.00017043632011204402 -0.00012275702996156213 0.00017042529922162153 0.9999999814471203 -8.978294280198584e-05 0.00012277232995849818 8.976201991828248e-05 0.9999999884348676,0.16744292920148496 0.10151846429764078 -0.05512698265170002,5
2,175,12,1,0.9910960827042784 0.08659794626181733 -0.10114025188553805 -0.08545029125543538 0.9962197815412427 0.015633124776627094 0.1021117161377474 -0.006851464745274982 0.9947493427282321,61.50739545887487 1.3706025337806977 -0.19600046600794485,5
2,176,12,1,0.9987564715436036 -0.0018934312010599804 0.049818926805562214 0.014019601677018219 0.9696211391214383 -0.24420953572222132 -0.047843090604483995 0.2446042957250179 0.9684419327942585,-56.007040240771175 220.66919317975388 20.428957439037163,5
2,178,12,1,0.9999998816337247 -4.5674833358738676e-05 0.0004844030824623924 4.5676110769082845e-05 0.9999999989533982 -2.626018866414004e-06 -0.0004844029620124368 2.648144204198122e-06 0.9999998826733716,-0.5180190352960992 -0.02627773727140692 -0.007764572374981071,5
2,203,12,1,0.9999999901746787 -0.00012560939334427257 -6.223280414659194e-05 0.00012560898012231592 0.9999999920891209 -6.643794976484568e-06 6.223363817760286e-05 6.6359779127174445e-06 0.9999999980414684,0.04433066921634499 0.02682342043198105 0.016275354072263326,5
2,207,12,1,0.9984176728861542 0.056048687182274876 -0.004549190448859153 -0.05622573258047664 0.9963172561631746 -0.06473478251505438 0.0009041373707722178 0.0648881324791071 0.9978921348517524,21.044441097393538 46.3847084744195 20.07153374867869,5
2,217,12,1,0.9999995607347316 0.0007100232691785446 -0.0006118801364648485 -0.0007105294991426592 0.9999994051829358 -0.0008275153207517871 0.000611292217375381 0.0008279497161397809 0.9999994704104058,0.30539691312418427 0.5705694196166746 -0.06385297452652594,5
2,219,12,1,0.999999752582819 0.0007027494782177457 -3.126454168685122e-05 -0.0007027757388909373 0.9999993934821375 -0.0008480221806200783 3.066857557927627e-05 0.0008480439427663578 0.9999996399403902,-0.1393243427317543 0.5818096123025498 -0.16997143972662343,5
2,221,12,1,0.999999855531584 0.0005161852400842326 -0.00014996536288792994 -0.0005163101152929062 0.9999995190574842 -0.0008338517053355088 0.00014953486882080674 0.0008339290135040145 0.9999996411007981,-0.025929906890922894 0.6171228765341823 -0.1924900945018635,5
2,224,12,1,0.999999650465336 0.0005038505048723281 0.0006672359966964359 -0.0005032917025676407 0.9999995227363541 -0.0008373915012514915 -0.0006676575983795563 0.0008370553942133457 0.9999994267856354,-0.4239600792292606 0.4173258225623897 -0.10029981673415023,5
2,243,12,1,0.9158210512334806 -0.2665531744320624 0.3003684526007902 0.27325876255666026 0.9617265082555874 0.02029216608739607 -0.29428124439659 0.0634943187907869 0.9536073723905916,-197.51360607339922 -78.31609966744932 65.86350549556983,5
2,248,12,1,0.9999999168476325 0.00040093781793759664 7.452244966099641e-05 -0.0004008549947099316 0.9999993057165417 -0.0011080982396660666 -7.496667641151977e-05 0.0011080682748287884 0.9999993832821581,-0.17645369807925704 0.7805444141026499 -0.2588096038201684,5
2,249,12,1,0.9762122600073451 -0.206502270127161 0.06607901212699031 0.20766993685139679 0.8029559819820992 -0.5586903331249781 0.062312284017572946 0.5591229770198064 0.82673978725414,-48.71595511454321 641.4839351224176 -14.111678660950389,5
2,254,12,1,0.9999999154391019 -0.00010784609925013067 0.0003968513688472619 0.00010770211612545766 0.9999999283819596 0.0003628172126656781 -0.0003968904688467223 -0.00036277444025345496 0.9999998554363208,-0.30558712058157766 -0.2659372908671713 0.049046193567164664,5
2,258,12,1,0.9687859693953622 -0.12871296699588622 0.2118648569956915 0.21078459880514133 0.8775187867119417 -0.43073266868692034 -0.1304745124890089 0.461945614866855 0.8772585995566179,-13.592792400058523 402.7587337357577 46.41787799546196,5
2,263,12,1,0.999999955424207 -5.503292170917773e-05 -0.00029346713864270013 5.4898654713989026e-05 0.9999998938362218 -0.0004575081233093442 0.00029349228549624407 0.0004574919919644732 0.9999998522816667,0.09778632277908628 0.48049153575777837 0.019436192036778266,5
2,266,12,1,0.9999997802820343 -0.0005786452482571675 -0.00032342782638616896 0.0005786462461741665 0.9999998325797708 2.991873062241357e-06 0.0003234260410048262 -3.1790227023598128e-06 0.9999999476927437,0.43379914028868427 -0.11303451890645988 -0.0034909795108433173,5
2,268,12,1,0.9999999256598547 0.000329338420691605 0.00020054049454865108 -0.00032938807740096054 0.9999999150910109 0.0002476317140487072 -0.00020045892288333977 -0.00024769775128752336 0.9999999492310215,-0.17604588784513453 -0.16408801521589567 0.1004255599143562,5
2,277,12,1,0.9999994540945129 -0.0008766751431439901 -0.0005685519928034649 0.0008769497277291705 0.999999498890556 0.0004828848845277456 0.0005681283747217408 -0.0004833832124330195 0.9999997217853716,0.5479588931713977 -0.21992354644265788 0.17426435909817428,5
2,283,12,1,0.993084520375415 0.09810751709149784 -0.064482947209899 -0.09866337745105247 0.9951057469685747 -0.005485462611974891 0.06362918623308278 0.011809633366776913 0.9979037324406893,49.752616745484026 8.990801703643129 -4.965424155364758,5
2,307,12,1,0.9999997903451374 -0.00011727747917528175 -0.0006368325316791212 0.00011691368197525032 0.9999998299922618 -0.0005712675712318815 0.0006368994202335387 0.0005711929970266538 0.9999996340487775,0.5383462140457453 0.3303009414142508 -0.1395215148471607,5
2,310,12,1,0.9999999783505551 0.00020593370077076623 -2.9836219456264024e-05 -0.00020594342723107006 0.9999999255383671 -0.0003263595635701333 2.9769008801611152e-05 0.0003263657010776355 0.999999946299616,0.02650770835148819 0.2920026662629027 0.019035647771147524,5
2,322,12,1,0.9665453861341075 0.23699799540442432 -0.09809162409275769 -0.246327521496718 0.96427980786839 -0.09740228072578541 0.07150362715383302 0.11830639167680262 0.9903993280451378,57.482123116386106 254.58900107523394 130.52621439949445,5
2,326,12,1,0.9999999703102871 0.0001895342576717085 -0.00015315413524097377 -0.00018959282573571823 0.9999999088785253 -0.00038248856439761225 0.00015308162659938285 0.00038251758996690755 0.9999999151231507,0.1090350420664663 0.29483510109827193 0.04261942984555844,5
2,338,12,1,0.9999998881843865 0.00032764386731842787 -0.00034099957567507166 -0.00032755632654202227 0.99999991339511 0.0002567423330346874 0.0003410836661937866 -0.00025663060775815705 0.9999999089013282,0.24321680930020761 0.008089926744503373 0.12192959090975819,5
2,342,12,1,0.9999999729150661 5.4800539628696576e-05 -0.00022620072392753876 -5.483028629796327e-05 0.9999999898504943 -0.0001315015263630981 0.0002261935152770428 0.00013151392545195095 0.9999999657702894,0.048197204607788535 0.12456011800647104 0.07528203534616296,5
2,356,12,1,0.9846470375563902 0.16981469270047853 -0.040412641270614 -0.17451148716663992 0.9629419481584987 -0.20564178885528892 0.003994030334517729 0.2095370483226232 0.9777925511589509,38.76550213788076 123.15877075960006 15.779484959085266,5
2,362,12,1,0.9465521964682849 0.25453125153336337 -0.19812314694130237 -0.3081437954392017 0.8951047572679601 -0.3222341925503711 0.09532229903537008 0.3660619011985895 0.9256955999665792,126.08885485844208 -31.177182492982865 102.62458820579738,5
2,365,12,1,0.999999446041982 -0.0010520945323215236 -3.182488939690309e-05 0.0010521181496011 0.9999991642091524 0.0007514175914930532 3.1034300458643305e-05 -0.0007514506587831815 0.9999997171793495,0.21287646218229384 -0.21579886639062806 0.019998856722168057,5
2,368,12,1,0.9999999334981012 -1.580474396997017e-05 -0.00036435422843779375 1.58605955013838e-05 0.9999999881258114 0.00015328672043196656 0.0003643518014541519 -0.00015329248911333249 0.9999999218745854,0.29204319716964733 -0.0426906023395901 -0.015330501895277848,5
2,387,12,1,0.9999995003132593 -0.0009482891395037885 -0.00031641893295702994 0.000948184342878744 0.9999994956324678 -0.0003311816171399362 0.00031673282929614577 0.0003308814281745148 0.9999998950988925,0.24209103272116295 0.34120298844801766 0.017264586115516067,5
2,389,12,1,0.9881240149793586 -0.14096054068131486 -0.061164180628076964 0.14172638270046367 0.9898706786030096 0.008346980810997384 0.05936803405633706 -0.01691643026317352 0.9980928167858121,60.95989639829435 17.374777606340842 26.184476932139887,5
2,402,12,1,0.9999998120508702 0.0006125989902807105 2.4913898628471653e-05 -0.0006126044307540046 0.9999997883877132 0.00021895282770512114 -2.4779763075293004e-05 -0.00021896804891782806 0.9999999757194789,-0.21894733442906045 -0.08089967831045897 -0.01195541859954119,5
2,415,12,1,0.995616195126224 -0.0002014803591278702 -0.09353262215957736 0.0018311159900420981 0.999848014323107 0.017337683477689478 0.0935149133379933 -0.017432947536387147 0.9954652446587884,113.03702097540321 -40.34486432170511 -12.746012327217159,5
2,417,12,1,0.9999998229786202 -0.00036010798966221516 -0.00047367178959337175 0.00035948525793705853 0.9999990719302104 -0.0013141191222193413 0.00047414457478819894 0.0013139486115667648 0.9999990243625081,0.4200193277213202 0.9518853797653435 -0.3923277946593089,5
2,425,12,1,0.9777500524714692 0.19443681581864058 -0.07873474167320933 -0.1768919799473127 0.9659599346969028 0.18876077979992223 0.11275665090077125 -0.17063331800871523 0.9788616901600442,106.17794212796633 -72.43489393741001 -33.85439558648079,5
2,428,12,1,0.9999998714150471 -0.00034392280641853956 0.00037267545332458907 0.0003441124159313802 0.9999998113369996 -0.0005088345622302759 -0.0003725003832040219 0.0005089627390524876 0.9999998011001778,-0.3416670701810812 0.5483904293110413 -0.06072683451702687,5
2,442,12,1,0.999999939403381 -0.0003462588223087093 -3.602862110614613e-05 0.0003462630392886412 0.9999999331941677 0.00011710494323065312 3.5988070079512324e-05 -0.00011711741151426702 0.9999999924941851,0.12913154442135522 -0.007443350734575915 0.10785985444351809,5
2,446,12,1,0.8101446101889933 -0.28265803745734847 0.513585576552231 0.45426040969781817 0.8564604007778752 -0.24520004502563425 -0.3705579452162597 0.4319490893151223 0.8222571334302564,-316.65616699252337 197.28254306560763 -119.67177518519267,5
2,453,12,1,0.9999994401465573 0.00026693494922352956 0.001023939600495849 -0.0002655411579420841 0.9999990384480981 -0.001361099104664809 -0.0010243019408451293 0.0013608264445422735 0.9999985494774091,-1.07929120748841 1.2681141820806374 -0.6715274248277865,5
2,473,12,1,0.9999997099781344 -0.0007437546979369714 0.00016392863045253114 0.000743692017423303 0.9999996504629203 0.0003820945165564915 -0.00016421275774525235 -0.00038197249332683203 0.9999999135655884,-0.07087961317188274 -0.1123129506848386 0.08171496543093326,5
2,474,12,1,0.7672527844621215 -0.48022853062689486 -0.4250926053309495 0.5910247876615137 0.7867906393377567 0.17790500335894216 0.24902382437185291 -0.38773837599909605 0.8874942741633883,277.2283083373419 -134.32452012932484 87.65446602753748,5
2,476,12,1,0.9999999450131274 0.0003068804123760316 0.00012569070915868785 -0.0003069222747204836 0.9999998973966876 0.0003331746244717715 -0.00012558845149646114 -0.0003332131834301033 0.9999999365982557,-0.07245080980243301 -0.232274764695525 0.07156281503648643,5
2,477,12,1,0.9999998085518121 0.0006185562414820489 1.6867567245545945e-05 -0.0006185573731437022 0.9999998064375637 6.716853369657938e-05 -1.6826016464813187e-05 -6.717895439524446e-05 0.9999999976019364,-0.012045662815154401 -0.01915556444285471 -0.07921441710618637,5
2,480,12,1,0.9999998674567714 0.00042148699928731825 0.00029569435062115623 -0.0004214499502347424 0.999999903334127 -0.00012534622210499252 -0.000295747153840592 0.00012522158512188325 0.9999999484265868,-0.23726204274939278 0.13832292366944898 0.023842136667781233,5
2,491,12,1,0.9999998037819822 -0.0003241877445189778 -0.0005360394601279794 0.00032454359406752786 0.9999997269568264 0.0006638958711669418 0.0005358240868606479 -0.0006640697090713465 0.9999996359519183,0.471009557030996 -0.6694762760767219 0.13006607097145206,5
2,494,12,1,0.9999993307156061 -0.001098327482357886 -0.0003636551671328189 0.0010983948081768058 0.9999993796538579 0.00018498849925061012 0.0003634517635881223 -0.00018538781238819357 0.999999916767084,0.6265967433032813 -0.31793382442933193 -0.0574111254214813,5
2,499,12,1,0.945283673975341 0.13286235381411157 0.2979704190933307 -0.15263465680021435 0.9873031799798135 0.04398968453204277 -0.28834256928029556 -0.0870633432663922 0.9535609770749413,-297.9539501000596 -47.60768518054661 90.41123606715075,5
2,501,12,1,0.9999998853500377 0.0004585397098339494 -0.00013799002955888762 -0.00045856666003774027 0.9999998757799876 -0.0001953372196090153 0.00013790044254657907 0.00019540047484070677 0.9999999714010613,0.09033697355459935 0.2420089508266221 -0.046727570609846225,5
2,503,12,1,0.9999997718221045 -0.0006675364343682599 0.00010368630064641615 0.0006675826426630893 0.9999996775920683 -0.00044626133232128495 -0.00010338837151832592 0.00044633044966918556 0.9999998950499823,-0.004266216164268144 0.3868375709726166 -0.01363574557967695,5
2,521,12,1,0.9479736306617554 -0.191955567988899 0.2539666424710722 0.26252689400678003 0.9226193658464193 -0.2825829713346236 -0.18007116785627658 0.3345542791285304 0.9250123290117088,-267.9069368379572 251.44474202405888 99.90013818106354,5
2,527,12,1,0.944372447578003 -0.029953447989434705 -0.32751102456112413 0.05431333215323528 0.9963742936157133 0.06548533402373287 0.32436205420169845 -0.07963076023329155 0.9425753019354597,488.78690811637387 14.82445648625297 -187.20003953141753,5
2,529,12,1,0.9999997192076345 -0.0007407887019668727 -0.00011321108969364335 0.0007407437485594942 0.9999996470021492 -0.0003966034235549703 0.00011350484906588743 0.00039651945178486876 0.9999999149444827,0.09396744033574578 0.22620431797739826 -0.07894618884267857,5
2,532,12,1,0.9194482819227435 -0.05221769868401954 0.38972832693231474 -0.07669057542553147 0.9482949394020742 0.3079858171171518 -0.38565971076872557 -0.31306552005700583 0.8679035474297933,-187.38787314894785 -90.41219710168271 278.38986155693766,5
2,535,12,1,0.9999999511694406 -0.00011969189978510569 0.00028867796095677356 0.00011961470238805796 0.9999999570895797 0.0002674194493656745 -0.00028870995651139597 -0.0002673849061791411 0.9999999225759336,-0.33138932160665036 -0.34801566877036194 0.058298713119711465,5
2,540,12,1,0.9999997380072656 -0.0005488217382405569 0.0004719958684598624 0.000549031582170012 0.9999997504591568 -0.0004445738924915843 -0.0004717517588609943 0.0004448329166547582 0.9999997897869553,-0.347481911451581 0.4322104573283809 -0.033300213306915794,5
2,543,12,1,0.9993308594959576 -0.005285306465969428 0.03619252401576864 -0.006331500535276267 0.9495700447942097 0.31349105590191184 -0.036024232955650826 -0.3135104393239315 0.9489011850950931,-38.19867032237855 -119.5013983668484 54.424794441251365,5
2,549,12,1,0.9999999964593649 -3.242520248930569e-05 -7.765228593073492e-05 3.238428870644405e-05 0.9999998607018701 -0.0005268277696990065 7.766935761165106e-05 0.0005268252531194229 0.9999998582113024,-0.04679069024729188 0.4020900763820805 0.09892202646324222,5
2,560,12,1,0.9999999846586562 -0.0001417662507453149 -0.00010288351277001895 0.00014182218348407494 0.9999998420581029 0.0005438476228067368 0.00010280639728199592 -0.0005438622056284093 0.999999846822361,0.13886541539476838 -0.5264397037841775 -0.008339718743172853,5
2,563,12,1,0.9999999430808889 -0.00028068384475093966 0.0001872292685884125 0.00028063262044041026 0.9999999232047039 0.0002735615459840135 -0.0001873060385165215 -0.0002735089877730079 0.9999999450546398,-0.1625670674822146 -0.23384439341299412 -0.03382368979544026,5
2,571,12,1,0.9916412322083451 -0.06250755241537306 0.11287370143374714 0.042793613358153904 0.9846327046058252 0.16931374331805 -0.12172252560667687 -0.16306821551625905 0.9790773124979837,-131.833742403239 -219.3770681952095 28.341091503354022,5
2,575,12,1,0.9999993056011773 -0.0009277164604239579 -0.0007267319538067918 0.0009272068455283972 0.9999993242570451 -0.0007012652274653031 0.0007273820380174212 0.0007005909096650664 0.999999490043744,0.7909663064727397 0.9749508744980631 0.1067306666955119,5
2,603,12,1,0.9999998951649446 -0.00045268947044560526 -6.886466963268445e-05 0.00045280448709554555 0.9999984872255894 0.0016794387839120795 6.810430120240962e-05 -0.0016794697900796018 0.9999985873705167,0.11953019350912086 -1.6672987805965604 0.036840259559880906,5
2,607,12,1,0.9999995358746621 0.0006232760825463091 0.0007346954380220289 -0.000623789798016694 0.9999995610022333 0.0006992007078640006 -0.0007342593204144737 -0.0006996586788659831 0.99999948567036,-0.6650273072602033 -0.6207084986714051 0.018829439919272772,5
2,611,12,1,0.9999999056386195 -0.000412645590827751 -0.00013581741005111447 0.00041243224044033855 0.9999986869552278 -0.0015671590434490623 0.00013646391298657856 0.0015671028800912645 0.999998762782316,0.13133499211303956 1.1969161480867214 0.056874353681109824,5
2,615,12,1,0.9980674214039627 -0.022954745025939752 -0.057745147093419824 0.016442667457229276 0.9937044205128845 -0.11082041030444194 0.05992546219210579 0.10965675690055707 0.9921614458580397,143.7287479975355 -18.05878815773517 34.62091988605447,5
2,625,12,1,0.9999999492011826 6.3480594930998e-05 0.0003123585221386227 -6.351432006146407e-05 0.9999999921552237 0.00010796056321085712 -0.0003123516662873471 -0.00010798039696577333 0.9999999453883339,-0.28901234868765613 -0.16137612116128963 -0.03234640924051746,5
2,642,12,1,0.9999997610393827 -0.0005568630337412506 -0.0004096641783537802 0.0005566745717365262 0.9999997392518422 -0.00046001050853615444 0.0004099202343817443 0.00045978234898078063 0.9999998102827782,0.31184311364967243 0.4155521011218326 0.05187467103144172,5
2,648,12,1,0.9730603350122285 0.20403712058643145 0.10734261897629248 -0.2214154519831663 0.9567987497558585 0.1884445544151317 -0.06425559935897962 -0.20713523574811016 0.9761998832527045,-20.230030682866925 -170.87415014778554 -26.120643111129205,5
2,649,12,1,0.9886543747638565 0.014177391516012716 -0.14953771708197786 -0.006154099112228473 0.9985230061479288 0.05398086010263581 0.1500821585812411 -0.05244814356204783 0.9872813874030493,118.4317436516366 -45.59742364185879 -26.893166735502973,5
2,650,12,1,0.9999994894367273 -0.0010080788722009182 -7.002336456947422e-05 0.001008057348167224 0.9999994448647821 -0.00030674176466399805 7.033254558960061e-05 0.00030667102048531625 0.9999999505031082,0.12800648711632334 0.12581868299121624 0.009424835816162158,5
2,652,12,1,0.9179156483050172 -0.11000645730471623 0.38122098833622364 0.0976628746513741 0.9938788269604478 0.05164145848594758 -0.3845683625983951 -0.010171365247191588 0.9230404746366214,-343.54650954555996 18.15841952570912 -55.689636970056824,5
2,667,12,1,0.9999993308373598 -0.0011391431256592977 -0.0002016873087530846 0.0011390792609183575 0.9999993011677651 -0.0003164844668197553 0.00020204768891235458 0.0003162545172099712 0.9999999295799036,0.1877735781499439 0.5898822532064969 0.09766979458322567,5
2,669,12,1,0.999999927243008 0.00037646528474349905 6.154567051649962e-05 -0.0003764602747119983 0.9999999258262718 -8.139480110226638e-05 -6.157630826822413e-05 8.137162568057354e-05 0.9999999947935084,-0.10322181957522503 -0.06774756252015735 0.024487622782316976,5
2,679,12,1,0.9999999130659029 -0.0003810916214173621 0.00016922577566547137 0.00038122398091877674 0.9999996209420808 -0.0007828051934365421 -0.0001689273910187583 0.0007828696383079814 0.9999996792892816,-0.1872745890363241 0.6255341237078511 0.09914912689100674,5
2,691,12,1,0.9999998051206915 -0.00047062995972202426 0.0004102024129854914 0.0004706104098040065 0.9999998881226726 4.775441746786291e-05 -0.0004102248417528209 -4.7561362635700766e-05 0.999999914726744,-0.2807024504582074 -0.014690538984837076 0.08201828686833323,5
2,695,12,1,0.9999997747925653 -0.0005303666521420669 -0.0004112493567323683 0.0005305111293579801 0.9999997975789154 0.0003512834618842331 0.0004110629644534791 -0.00035150155513352654 0.9999998537369379,0.26258785529631723 -0.349740645126019 0.09137413667963301,5
2,703,12,1,0.999999908946494 0.0002672137909433105 0.00033272179695148507 -0.00026710411907418085 0.9999999100026401 -0.0003296211500847645 -0.0003328098463247775 0.00032953224870914226 0.9999998903230457,-0.3402371239945978 0.422101594949126 0.01974012939695058,5
2,708,12,1,0.9999999944932567 -0.00010109814059788835 2.8154090056325964e-05 0.00010106643521862191 0.9999993633493234 0.0011238712219968638 -2.826769342276214e-05 -0.0011238683703744812 0.9999993680602123,0.0014362961007918784 -1.2353346043858622 0.07102318312240641,5
2,711,12,1,0.6629671488650932 0.7477932885819343 -0.03577369253386932 -0.7111588358552493 0.6439804845492055 0.28203234868500293 0.23393945736172037 -0.16153740455879168 0.9587377103346436,-36.47638099875334 73.70056980325352 77.06415893309136,5
2,727,12,1,0.9999997503072257 -0.0004545000815227157 -0.0005411239813091582 0.000454212863568601 0.9999997559789819 -0.0005307849405490617 0.0005413650910622205 0.000530539022542853 0.9999997127260513,0.739924617651468 0.504543066449969 -0.36027895159645595,5
2,736,12,1,0.9999997422010314 -0.0006853372863480645 -0.0002142677651159608 0.00068523155343031 0.9999996436322001 -0.0004931462169984469 0.00021460566024744665 0.0004929992668318839 0.9999998554480565,0.33674979042461217 0.5315133938071881 -0.11438191861236646,5
2,737,12,1,0.999999979765914 0.00020102091864922234 -7.665646090004863e-06 -0.00020102078816533475 0.9999999796505016 1.70188250153136e-05 7.669067074445035e-06 -1.7017283716502796e-05 0.9999999998257985,0.020486324405140977 -0.035219934837044775 -0.047261020899100004,5
2,739,12,1,0.9999999791905337 -0.00020307528779120454 1.9477179798901845e-05 0.00020307902136001976 0.9999999609706105 -0.0001918793622979753 -1.9438213081521272e-05 0.0001918833137118936 0.9999999814014745,-0.0116967070294971 0.2804091031208884 -0.0027495589745285542,5
2,740,12,1,0.9999998039316027 -0.00013955761683837054 -0.0006104591942403675 0.0001392969315860415 0.9999998991110073 -0.00042705308832763356 0.000610518731163065 0.00042696796950369986 0.9999997224825768,0.7185711336917677 0.5228539996613222 -0.26420225970605316,5
2,750,12,1,0.9999996664782109 -0.000334402393974087 -0.0007451298575520265 0.0003346542845191758 0.9999998868980944 0.0003379501564391152 0.0007450167619349329 -0.0003381994046254 0.9999996652855372,0.751312015364249 -0.42136293998942165 -0.2176456248650993,5
2,754,12,1,0.9999995882038679 0.0005712876170108905 0.0007051400938416358 -0.0005712107183465098 0.9999998308912502 -0.00010925102349138016 -0.0007052023883531294 0.00010884819492271852 0.9999997454207982,-0.5752459887013401 0.32098739258699993 0.26862898975866756,5
2,756,12,1,0.9999998295314618 0.0005154400368169304 0.00027433303745744153 -0.000515614538636161 0.9999996645653305 0.0006364046465480236 -0.0002740049170024683 -0.0006365459881632826 0.9999997598652264,-0.2126342041153464 -0.5171814719368371 0.013644793289245172,5
2,757,12,1,0.9999995703029596 0.0006042806264187281 0.000703021209864237 -0.0006042949741130801 0.9999998172098291 2.0196385275617068e-05 -0.0007030088770746106 -2.062120878054685e-05 0.9999997526766122,-0.8241212633563748 0.24985024058111094 0.2773917872475522,5
2,758,12,1,0.9999999478910699 0.0003227755379502928 -5.814616533372785e-06 -0.0003227764599232352 0.9999999352251117 -0.0001592643384000017 5.763209524264901e-06 0.00015926620692205753 0.9999999873005305,0.22776959079800463 0.2947397316071374 0.049094840576572096,5
2,761,12,1,0.9999999561389106 0.0002338157852222189 0.00018180306847354055 -0.00023379351124716563 0.9999999651636617 -0.00012252864767904603 -0.00018183171127256204 0.00012248613792718854 0.9999999759671871,-0.12004409830285567 0.24830488046458754 -0.02002899308877204,5
2,762,12,1,0.9524870808888772 -0.19410165431976947 -0.23471878606134816 0.11801606461128412 0.9456283450892994 -0.303082895355936 0.28078562860917505 0.2609819548436265 0.923605895397246,222.39874426600448 317.8059578153702 103.34055564332971,5
2,764,12,1,0.9999997214073049 0.0004245696476754546 0.0006139429354484749 -0.0004244083713020319 0.9999998754079062 -0.0002627959424318371 -0.0006140544341368681 0.00026253530669760605 0.9999997770061577,-0.6475374608464222 0.4152673133922633 0.24845387830509935,5
2,768,12,1,0.999999488017579 0.0005546352772834579 0.0008463712484556296 -0.0005546043826168412 0.9999998455321825 -3.673676440138843e-05 -0.0008463914932239774 3.62673443890342e-05 0.9999996411529959,-0.8388375978030354 0.16847290448997398 0.2653587217926088,5
2,769,12,1,0.9999999254124463 -0.0002095873927999703 0.0003244198319871036 0.00020973502005428024 0.9999998744553731 -0.00045508291576345887 -0.0003243244116161656 0.00045515092401975793 0.9999998438256444,-0.3196600500455986 0.45698438660528495 0.15224277870652259,5
2,770,12,1,0.999999036273648 0.00018380815198232314 -0.0013761054973647768 -0.00018416499480256032 0.9999999494515515 -0.0002591913393123757 0.0013760577863239365 0.0002594445199844697 0.9999990195762745,1.443077632435859 0.23249817684576612 -0.14643792032518377,5
2,773,12,1,0.9960074906279184 -0.08818725950416514 0.01385950483323295 0.08303118109699406 0.97218911019241 0.21898437612972674 -0.03278569167663762 -0.21695930789996623 0.9756299283728701,57.07819385062395 -147.10946132034047 -129.99289925795415,5
2,775,12,1,0.8106914716391133 -0.5357747718461442 -0.23606086432278486 0.5779672450746881 0.7967201469802758 0.176609374090118 0.09345159941051655 -0.27961116080896986 0.9555544973044067,177.0043156947468 -489.62935583333405 -119.92801940688388,5
2,785,12,1,-0.7310845525673997 -0.6711761715420145 -0.122629212472105 0.6664025654608838 -0.6638792927956869 -0.3393698651092195 0.14636597194866297 -0.329828487780091 0.9326254183241096,519.2412455251558 346.20350364382114 71.14604393266306,5
2,788,12,1,0.9999996824428978 -0.0007962763394402071 -3.2528384456547745e-05 0.0007962498826977991 0.9999993586448979 -0.0008054166111009509 3.316969778513132e-05 0.0008053904546129198 0.9999996751229412,0.22889082577347608 0.6824607215522462 -0.0847244738848758,5
2,791,12,1,0.9999999238642383 -0.0001617009638172351 -0.0003551398540860007 0.00016167647360815218 0.9999999845507578 -6.898696529705761e-05 0.00035515100385824505 6.892954228565618e-05 0.9999999345582388,0.43269764458801774 0.06260515151124935 -0.06814584630774334,5
2,794,12,1,0.9999996287157432 0.000762024055730337 0.00040235272331523575 -0.0007620245068972187 0.9999997096588151 9.680214168583667e-07 -0.0004023518688401617 -1.2746236930927246e-06 0.9999999190556716,-0.4641049180066119 0.15965219244599638 0.10488662454577025,5
2,801,12,1,0.980572385735326 0.06025892470094535 -0.18667259661562227 -0.045694694671721575 0.9956361727844509 0.08136710835460226 0.19076108411358714 -0.07125639225372837 0.9790468504370934,196.9291520830944 -89.33663900942099 -19.1980248210873,5
2,803,12,1,0.9997550332699301 0.012660025268201036 -0.018154812355088763 -0.013324880227465419 0.9992271441105194 -0.036980562998113184 0.017672606439449207 0.037213414690703134 0.9991510600248057,7.941379356993252 36.045477222831494 -6.643831064736787,5
2,804,12,1,0.9999995072279978 -0.0009705884137591048 -0.0002085710753904832 0.0009704599646782747 0.9999993399454701 -0.0006150740452341708 0.00020916792146428477 0.0006148713322643162 0.9999997890909914,0.4989042106423085 0.5209558509729675 -0.18475578792140368,5
2,808,12,1,0.9999995202116053 -0.00046224331523154333 -0.0008636594682443627 0.0004629306324735738 0.9999995762071603 0.0007957893754488854 0.0008632912539129553 -0.0007961888080621482 0.9999993104055591,1.0912574056670792 -0.9686578953459986 -0.05972632034877279,5
2,809,12,1,0.9999997484905718 0.0005291922542423333 0.0004722016000297258 -0.0005295546080119895 0.9999995651993101 0.000767576125261904 -0.0004717951993760683 -0.000767825988742421 0.999999593926188,-0.4439657939001904 -0.629741845177584 0.1561783798184706,5
2,819,12,1,0.9999998322909268 0.0005514507940768132 0.00017697496877119856 -0.0005513441594109936 0.9999996667926058 -0.0006020251606117591 -0.00017730689705464098 0.000601927485531166 0.9999998031227632,-0.07025883768454833 0.7043968476116476 0.06235129438016429,5
2,821,12,1,0.9999998403304206 0.00022910451770780105 0.000516575506394959 -0.00022924761124593074 0.9999999353688138 0.0002769619143922625 -0.0005165120197824086 -0.0002770802938705033 0.9999998282209076,-0.40838752347423224 -0.07525046790136258 0.24968294869927377,5
2,828,12,1,0.9999995991060058 0.0007687791930603843 0.00045909299738672305 -0.0007688276857872045 0.999999698891033 0.0001054601026786034 -0.0004590117836171803 -0.00010581302380700819 0.9999998890558869,-0.3442044934836588 0.1627224240270806 0.10832627147112817,5
2,837,12,1,0.9846614643224355 0.01750724089232375 -0.17359521074826634 -0.03789809535829716 0.9926592258398989 -0.11485380151804689 0.1703101143403129 0.11967104023643937 0.9780967779734886,179.55609838280796 197.65517711992433 -104.02546443172879,5
2,840,12,1,0.9999999207155519 -3.732501951506095e-05 0.0003964539488370139 3.722974482338326e-05 0.999999970429681 0.00024032183319783185 -0.000396462907130829 -0.00024030705426503207 0.9999998925348357,-0.27880417761519993 -0.18499754286403913 0.12049127398120163,5
2,844,12,1,0.999999998511611 5.432128878496423e-05 5.096588922323675e-06 -5.431802503177985e-05 0.9999997948691212 -0.0006382094226866745 -5.131256235163528e-06 0.0006382091449001273 0.9999997963313577,0.1602253167631602 0.6458835437125856 0.16072447435647064,5
2,850,12,1,0.9999998240290416 0.000573299567818264 0.00015254340840631375 -0.0005733691515936255 0.9999997314253933 0.00045650515760504203 -0.00015228165322733744 -0.0004565925409577965 0.9999998841667682,0.07235600844289536 -0.2680960402594934 -0.02558282379288812,5
2,856,12,1,0.9999998714308898 0.00043843286132505543 0.0002547838922765666 -0.00043855024601335835 0.9999997976457006 0.00046084947696800604 -0.00025458178916543117 -0.0004609611532556679 0.9999998613514545,-0.09543043525354733 -0.13628290455101677 0.10223991345560535,5
2,867,12,1,0.9999995472064724 0.0007768433616436865 0.0005496373735381574 -0.0007768071901599893 0.9999996961059188 -6.60201453864459e-05 -0.0005496884938183816 6.559315322925141e-05 0.9999998467700371,-0.24187828031276126 0.18586262602615022 0.18104087956908188,5
2,871,12,1,0.9692689254854872 -0.2345980560159216 -0.07403716770488059 0.23704125454147015 0.9711510232040699 0.02602179423278772 0.06579660883066689 -0.04277197965068033 0.9969159262561444,64.29487665299754 14.8950376512299 -9.000674820905488,5
2,877,12,1,0.9999999741453027 8.469928661017367e-05 0.00021103417788052338 -8.48583755055643e-05 0.9999997121725335 0.0007539588221007615 -0.00021097025736512703 -0.0007539767106249651 0.999999693505288,-0.11938874126524723 -0.4026527654364429 0.045478154613761035,5
2,883,12,1,0.9999999444136148 7.853772677567095e-05 -0.0003240441210653781 -7.83925227345883e-05 0.9999998965358863 0.0004480879709309049 0.00032407927934861164 -0.0004480625433870705 0.9999998471062767,0.4530763442679131 -0.15171711194554405 -0.03497859825631622,5
2,886,12,1,0.9999966707111494 0.0025535240020342197 0.00037159357928295833 -0.0025542720041055768 0.9999946842769528 0.0020266011856008735 -0.0003664166292245974 -0.002027543589536945 0.9999978774006708,-0.28646644616596006 -1.3717025791745456 -0.006383195292869459,5
2,894,12,1,0.9999998831026504 -0.0004351055228609124 -0.00021089776973225172 0.00043501185318378655 0.99999980681882 -0.00044398987608152557 0.00021109091143786674 0.00044389808115061907 0.9999998791975533,0.40156416972521924 0.23061067293021154 0.13229483152747434,5
2,902,12,1,0.9999965154410202 0.002278543610934991 0.0013331709686687232 -0.002276691643110368 0.9999964436464723 -0.0013890174838273872 -0.001336331164354665 0.001385977424510805 0.9999981466410819,-0.7111171440053283 1.8052516598300485 0.6205631471403876,5
2,903,12,1,0.8977953176910598 0.4340244429442123 0.07474189226248604 -0.42596399243599836 0.8988584973594025 -0.10299552841160144 -0.11188496181344607 0.060631548320702416 0.9918697347274186,-12.596040313895003 317.1416316693652 56.64944228199434,5
2,904,12,1,0.9999983585376091 -0.0008487159010967665 -0.0016008133578266385 0.0008481702303965583 0.9999995819859323 -0.0003415189921275319 0.001601102541263214 0.0003401606693025083 0.9999986603797885,1.6391018093489151 0.07722808597647557 -0.4855469452870693,5
2,907,12,1,0.9999997627630975 0.0006692478581830641 0.00016303696692607228 -0.000669397853505449 0.999999351190099 0.0009216972898543618 -0.00016242001720917498 -0.0009218062077887834 0.9999995619464309,0.027669944336025765 -0.3553819446980242 0.10543050478918303,5
2,909,12,1,0.9999996019880915 0.0008667904797792503 -0.00021141883381625703 -0.0008666011826311132 0.9999992250439694 0.0008938198083991294 0.00021219342447653666 -0.0008936362368372752 0.9999995781940246,0.19074823213856007 -0.3208499245502736 -0.007646706578839257,5
2,918,12,1,0.9973208626664016 0.04598273562642594 0.0568918703740355 -0.04514478336287776 0.9988534645032614 -0.0159281193162255 -0.057559060324720246 0.013317074533966185 0.9982532795340033,-158.1940157500922 37.77754461440447 56.15695096982807,5
2,925,12,1,0.999999387804775 0.0010044398771977547 0.000464209660304157 -0.0010044250816742747 0.9999994950496496 -3.2104535281923525e-05 -0.000464241672976819 3.163825180223711e-05 0.9999998917393393,-0.054452825801732274 0.3408837480889346 0.14841952062135988,5
2,934,12,1,0.9999978266151123 0.0018696017882403743 0.0009226885743468527 -0.0018706638191039598 0.9999975873293631 0.0011515000339747845 -0.0009205335016811977 -0.0011532235714542469 0.9999989113461399,-0.3794902516021068 -0.5144377695101738 0.04678098093313565,5
2,942,12,1,0.8117296210571886 0.5370720179762255 0.2294529795084367 -0.5559403975160264 0.8309364089564162 0.02179354675907419 -0.1789561306803349 -0.14525264809139254 0.9730757275332484,-75.31078784552663 -66.89887476073108 23.50102030297322,5
2,952,12,1,0.999998810437545 0.0014824302023092595 -0.00042605655682570465 -0.0014820295293110353 0.9999984607407586 0.0009392042306042292 0.00042744820573192843 -0.0009385716849636405 0.99999946818547,0.41780678536370885 -0.37729810593904745 -0.0849574848608654,5
2,956,12,1,0.9999958719309907 0.0028699939622691684 -0.00013876467272189164 -0.002869640770009091 0.999992802948837 0.002481776053425047 0.00014588635631435087 -0.0024813676037199334 0.9999969107612214,0.19100941017759965 -1.4026996786320431 -0.07998682087043107,5
2,961,12,1,0.9999954789652931 0.0011523858959460176 0.0027774188955331514 -0.0011468753747964078 0.9999973725784566 -0.00198482066150632 -0.002779698877419176 0.0019816263347264135 0.9999941731986345,-1.8417128599700874 1.5420156431131744 0.5586680372683759,5
2,968,12,1,0.9999993833968253 0.001110087693392714 -3.0187449964913515e-05 -0.0011101007101361193 0.9999992893757489 -0.0004346543575868833 2.9704924059459348e-05 0.00043468760068707257 0.9999999050821493,0.4274797957394405 0.29473430097584696 0.2377896901339227,5
2,969,12,1,0.999995660936339 0.002368150663836721 0.0017521332509153748 -0.0023633448230655496 0.999993453873028 -0.002739856262798518 -0.0017586101736568882 0.002735703479339144 0.9999947115943814,-1.0804289270144523 2.5058542514868236 0.6312696432353277,5
2,972,12,1,0.999999214963892 0.0010303267119683157 0.0007130907848166834 -0.001030848775829013 0.999999200664806 0.0007321342447840495 -0.0007123358773490907 -0.0007328687587943306 0.9999994777403538,-0.2861317186108181 -0.11989009699082942 0.141083508335214,5
2,982,12,1,0.9999966839174838 0.0011382020440861007 0.0023101190754415413 -0.0011429713519665041 0.9999972162198788 0.002064259911266575 -0.0023077630997274112 -0.0020668934659330285 0.9999952010789234,-1.4343408781126499 -1.217001107190974 0.18097208118899744,5
2,984,12,1,0.9999999910922214 0.00013296368521253932 1.1671165225331237e-05 -0.00013296469307633174 0.9999999874279926 8.639679127584246e-05 -1.1659677442904526e-05 -8.639834235906613e-05 0.9999999961996894,0.19441695199935793 0.06337635949786957 0.07909762030544698,5
2,991,12,1,0.9999954537047692 0.0025823119643041126 0.001556995411344575 -0.0025849442156200136 0.9999952293455555 0.0016909611263030977 -0.0015526213943101719 -0.0016949781849768877 0.9999973582043891,-0.8272928123904109 -0.7499139842318598 0.06602046242380766,5
2,1001,12,1,0.999996953123827 0.002402756834435804 0.000566129541946736 -0.0024019373509330255 0.9999960730904536 -0.0014437799815514296 -0.0005695963710251606 0.0014424157748403332 0.9999987974976305,0.17387815551887797 1.4068620015693227 0.44307220189182317,5
2,1012,12,1,0.9734247562887216 0.06675978720969745 -0.219060207833274 -0.07895028749067538 0.9957526536874847 -0.047365649784120376 0.21496766256667768 0.06340176248376861 0.9745609886326099,301.5881751369715 -45.066539053987256 111.06685340668282,5
2,1038,12,1,0.9999996046757482 0.0006332261700874309 0.0006242379071262905 -0.0006325067603654144 0.9999991364320848 -0.0011519853656368206 -0.0006249668353354165 0.0011515900755326713 0.9999991416280077,-0.41761519826661697 1.1835715492462597 0.2946898091023513,5
2,1050,12,1,0.9999998544876643 0.00035200882496483343 -0.00040879632716250836 -0.0003519733821608084 0.999999934292928 8.676910412935834e-05 0.00040882684379228706 -8.662520607766178e-05 0.999999912678339,0.5397135353334193 0.0017793060586654974 -0.10582751587480743,5
2,1057,12,1,0.9999999862625463 0.0001538252637617865 -6.174703163080997e-05 -0.000153863226906914 0.9999997988757471 -0.0006152841395860725 6.165237296656967e-05 0.0006152936317314339 0.999999808806348,0.14709292483632908 0.6409875535471912 -0.02593419137440378,5
2,1061,12,1,0.9999999893332697 5.66090099463068e-05 0.00013464352857256445 -5.662881071316628e-05 0.9999999875830611 0.00014706139880588803 -0.0001346352019004904 -0.00014706902194008137 0.9999999801220324,-0.018403863639647966 -0.030701993087376422 0.0478226542423954,5
2,1069,12,1,0.9999998029319098 0.00017593454462827562 -0.0006026468112081268 -0.00017638547438249275 0.9999997044845095 -0.0007482773945173826 0.0006025149852738193 0.0007483835451995713 0.9999995384487746,0.6306667181809313 0.7196258245401062 0.021530539973582563,5
2,1071,12,1,0.9999998074218319 -0.0005440908318998239 -0.0002985321868612667 0.0005442689151129998 0.999999673816766 0.0005967727451941518 0.00029820739090552495 -0.0005969351120584665 0.9999997773703877,0.3561977986981759 -0.6079155648437435 -0.01099452112578092,5
2,1087,12,1,0.9999998154371756 0.00023135451122838213 0.0005617835052517048 -0.0002314627493648913 0.9999999546629221 0.0001926113973388932 -0.0005617389182667118 -0.00019274139374447774 0.9999998236500564,-0.6097597407902526 -0.2106496062035461 -0.18147799336747994,5
2,1098,12,1,0.980988131484256 -0.1834115741111617 0.06342302712025354 0.15733611431352248 0.9429654906874813 0.2933622854172675 -0.11361176444256418 -0.2778061875743341 0.9538952191544228,-67.12694448379408 19.39049629913001 -62.79913684541401,5
2,1099,12,1,0.9952042091398584 -0.09745353782164429 0.00844926484107316 0.09777640095055529 0.9936043756815327 -0.05648114768370471 -0.0028909388553785137 0.05703641461871098 0.9983679130861415,0.9037020534870237 75.05499525471082 -4.146951159079094,5
2,1103,12,1,0.9283945038109463 0.2533896659103792 -0.27180383092122173 -0.279660326736018 0.9580920238483033 -0.06204655903565854 0.24469112559210143 0.13361643255261696 0.9603504058458988,107.2147485466297 119.44927853429203 -208.29376081243498,5
2,1107,12,1,0.9832418468912146 -0.18179735279168158 0.013608564946049298 0.16729841853350377 0.929442098139448 0.32885958304773644 -0.0724341747943785 -0.321071812409747 0.9442807747687014,-23.599392839224407 -101.20028590122689 19.808880045680198,5
2,1117,12,1,0.9948289023364146 0.0413770937976067 0.09275446719694741 -0.0455439927132223 0.9980249516259434 0.043265929549384165 -0.09078105421211813 -0.04726660598031503 0.9947485451888022,-89.7690845641294 -35.47174277051943 26.314380984313402,5
2,1123,12,1,0.9999999481163746 -0.00030271374595411404 0.00011014371051022015 0.0003026441517637729 0.9999997549220371 0.0006313179734084851 -0.00011033479214479086 -0.0006312846063035726 0.9999997946529682,-0.12588788582766597 -0.4802319427828081 0.08411998441977175,5
2,1131,12,1,0.9999997464942171 0.00029414495578028443 0.0006484521932481058 -0.0002942642534980999 0.9999999397973702 0.0001838853035815123 -0.0006483980652751131 -0.00018407607326623165 0.9999997728479483,-0.5395393242603497 -0.14076834548134798 -0.002154340392166887,5
2,1144,12,1,0.9943902625610145 0.06427551373803725 0.08400395263050492 -0.06553396556660307 0.9977744367038893 0.012307429355896168 -0.08302593017215776 -0.017743500047806948 0.9963894133947335,-46.62236399191137 -13.328784419708754 -17.553305601870534,5
2,1148,12,1,0.9762967405409871 -0.11245642240762015 -0.18492762765017864 0.10662624158893153 0.9934449080172312 -0.04120751556760398 0.1883494598178158 0.020512625232148328 0.9818878312681252,117.09443650262503 2.1399071502212994 166.88078097561774,5
2,1151,12,1,0.9999999559651849 -8.037016899931082e-05 -0.0002856751038967098 8.039226045644665e-05 0.9999999937793466 7.732006281755202e-05 0.00028566888789299805 -7.734302547993122e-05 0.9999999562056712,0.3512029365791989 0.021636189749592916 0.003595316511677993,5
2,1157,12,1,0.8124050464612654 -0.5754026146270833 -0.09439211600862246 0.09951147852470404 0.29632412816385884 -0.9498891918059473 0.5745393860529464 0.7623016739770718 0.2979943820370757,10.818074375280824 746.9904327443256 559.1125767298274,5
2,1168,12,1,0.9999998952315813 0.00045196496571853206 7.255685587276295e-05 -0.00045199821312119637 0.9999997925702614 0.00045886495835251173 -7.234944993739223e-05 -0.0004588977058469501 0.9999998920892208,-0.02038050035483252 -0.3598164197202536 -0.0457412872981422,5
2,1169,12,1,0.9999999622019329 -0.0001403718370063256 -0.0002364146370865683 0.00014038260995619112 0.9999999891088666 4.5552055960455806e-05 0.00023640824028606233 -4.5585242742250676e-05 0.9999999710165648,0.21170059501589833 -0.08230154849151461 0.004596925786472639,5
2,1176,12,1,0.9999999434403279 0.00024884899630639445 0.00022625984542148925 -0.0002487958218932995 0.9999999414348597 -0.00023501258640518108 -0.00022631831481678688 0.00023495628060937745 0.9999999467877816,-0.12073174877340875 0.18027987236530407 0.04113695297644426,5
2,1180,12,1,0.993501359014281 -0.05137677197211006 0.10156513643224988 0.04950955897328056 0.9985565800965105 0.020822101628615364 -0.10248830766017639 -0.01565834115374115 0.9946109607003463,-71.36801548187067 3.3001420283251797 -29.225440087581433,5
2,1199,12,1,0.9939365683076172 0.05702951159527858 0.09400921756977593 -0.06263146995642918 0.9963641937484806 0.05775545330994376 -0.09037365297460528 -0.06329319254978473 0.9938946496610607,-70.88170061626452 -52.86223653727756 -10.549962049515557,5
2,1212,12,1,0.9999998412440708 0.0002759337658940486 -0.0004912966415809294 -0.000276258278387273 0.9999997436595188 -0.0006605772177762925 0.0004911142400821356 0.0006607128376701632 0.9999996611326176,0.295312541493729 0.36087036661940175 0.004357729681601086,5
